categoria,figura,titulo,pergunta,filtros,fonte,arquivos
01_desempenho,conv_linear_cycles,Convolução contígua: ciclos por tamanho,"Como ciclos escala com N, precisão e técnica?",dist=0; 50 repetições; média e IC 95%,results_raw.csv,01_desempenho/conv_linear_cycles.pdf; 01_desempenho/conv_linear_cycles.png
01_desempenho,conv_linear_instructions,Convolução contígua: instruções por tamanho,"Como instruções escala com N, precisão e técnica?",dist=0; 50 repetições; média e IC 95%,results_raw.csv,01_desempenho/conv_linear_instructions.pdf; 01_desempenho/conv_linear_instructions.png
01_desempenho,conv_linear_ipc,Convolução contígua: instruções por ciclo (ipc) por tamanho,"Como instruções por ciclo (ipc) escala com N, precisão e técnica?",dist=0; 50 repetições; média e IC 95%,results_raw.csv,01_desempenho/conv_linear_ipc.pdf; 01_desempenho/conv_linear_ipc.png
01_desempenho,conv_linear_time_sec,Convolução contígua: tempo observado (s) por tamanho,"Como tempo observado (s) escala com N, precisão e técnica?",dist=0; 50 repetições; média e IC 95%,results_raw.csv,01_desempenho/conv_linear_time_sec.pdf; 01_desempenho/conv_linear_time_sec.png
01_desempenho,conv_malloc_cycles,Convolução por linhas: ciclos por tamanho,"Como ciclos escala com N, precisão e técnica?",dist=0; 50 repetições; média e IC 95%,results_raw.csv,01_desempenho/conv_malloc_cycles.pdf; 01_desempenho/conv_malloc_cycles.png
01_desempenho,conv_malloc_instructions,Convolução por linhas: instruções por tamanho,"Como instruções escala com N, precisão e técnica?",dist=0; 50 repetições; média e IC 95%,results_raw.csv,01_desempenho/conv_malloc_instructions.pdf; 01_desempenho/conv_malloc_instructions.png
01_desempenho,conv_malloc_ipc,Convolução por linhas: instruções por ciclo (ipc) por tamanho,"Como instruções por ciclo (ipc) escala com N, precisão e técnica?",dist=0; 50 repetições; média e IC 95%,results_raw.csv,01_desempenho/conv_malloc_ipc.pdf; 01_desempenho/conv_malloc_ipc.png
01_desempenho,conv_malloc_time_sec,Convolução por linhas: tempo observado (s) por tamanho,"Como tempo observado (s) escala com N, precisão e técnica?",dist=0; 50 repetições; média e IC 95%,results_raw.csv,01_desempenho/conv_malloc_time_sec.pdf; 01_desempenho/conv_malloc_time_sec.png
01_desempenho,gemm_cycles,Multiplicação de matrizes: ciclos por tamanho,"Como ciclos escala com N, precisão e técnica?",dist=-1; 50 repetições; média e IC 95%,results_raw.csv,01_desempenho/gemm_cycles.pdf; 01_desempenho/gemm_cycles.png
01_desempenho,gemm_instructions,Multiplicação de matrizes: instruções por tamanho,"Como instruções escala com N, precisão e técnica?",dist=-1; 50 repetições; média e IC 95%,results_raw.csv,01_desempenho/gemm_instructions.pdf; 01_desempenho/gemm_instructions.png
01_desempenho,gemm_ipc,Multiplicação de matrizes: instruções por ciclo (ipc) por tamanho,"Como instruções por ciclo (ipc) escala com N, precisão e técnica?",dist=-1; 50 repetições; média e IC 95%,results_raw.csv,01_desempenho/gemm_ipc.pdf; 01_desempenho/gemm_ipc.png
01_desempenho,gemm_time_sec,Multiplicação de matrizes: tempo observado (s) por tamanho,"Como tempo observado (s) escala com N, precisão e técnica?",dist=-1; 50 repetições; média e IC 95%,results_raw.csv,01_desempenho/gemm_time_sec.pdf; 01_desempenho/gemm_time_sec.png
02_comparacoes,precisao_conv_linear,Efeito da precisão em convolução contígua,A precisão float reduz os ciclos da versão completa?,comparison=precision; dist=0,comparisons_raw.csv,02_comparacoes/precisao_conv_linear.pdf; 02_comparacoes/precisao_conv_linear.png
02_comparacoes,precisao_conv_malloc,Efeito da precisão em convolução por linhas,A precisão float reduz os ciclos da versão completa?,comparison=precision; dist=0,comparisons_raw.csv,02_comparacoes/precisao_conv_malloc.pdf; 02_comparacoes/precisao_conv_malloc.png
02_comparacoes,precisao_gemm,Efeito da precisão em multiplicação de matrizes,A precisão float reduz os ciclos da versão completa?,comparison=precision; dist=-1,comparisons_raw.csv,02_comparacoes/precisao_gemm.pdf; 02_comparacoes/precisao_gemm.png
02_comparacoes,aproximacao_conv_linear,Ganho da aproximação em convolução contígua,Quanto a técnica aproximada reduz os ciclos em cada configuração?,approximations; dist=0; média e IC 95%,comparisons_raw.csv,02_comparacoes/aproximacao_conv_linear.pdf; 02_comparacoes/aproximacao_conv_linear.png
02_comparacoes,aproximacao_conv_malloc,Ganho da aproximação em convolução por linhas,Quanto a técnica aproximada reduz os ciclos em cada configuração?,approximations; dist=0; média e IC 95%,comparisons_raw.csv,02_comparacoes/aproximacao_conv_malloc.pdf; 02_comparacoes/aproximacao_conv_malloc.png
02_comparacoes,aproximacao_gemm,Ganho da aproximação em multiplicação de matrizes,Quanto a técnica aproximada reduz os ciclos em cada configuração?,approximations; dist=-1; média e IC 95%,comparisons_raw.csv,02_comparacoes/aproximacao_gemm.pdf; 02_comparacoes/aproximacao_gemm.png
02_comparacoes,layout_cycles,Efeito da organização da memória sobre ciclos,Qual implementação de convolução usa menos recursos?,conv_linear pareada com conv_malloc; dist=0,results_raw.csv,02_comparacoes/layout_cycles.pdf; 02_comparacoes/layout_cycles.png
02_comparacoes,layout_instructions,Efeito da organização da memória sobre instruções,Qual implementação de convolução usa menos recursos?,conv_linear pareada com conv_malloc; dist=0,results_raw.csv,02_comparacoes/layout_instructions.pdf; 02_comparacoes/layout_instructions.png
03_gemm_blocos,gemm_blocos_ciclos,Sensibilidade da GEMM ao tamanho do bloco,Qual tamanho de bloco minimiza os ciclos da GEMM?,dist=-1 (GEMM não usa distribuição),results_raw.csv,03_gemm_blocos/gemm_blocos_ciclos.pdf; 03_gemm_blocos/gemm_blocos_ciclos.png
04_qualidade_numerica,precisao_erro_conv_linear,Erro de float em relação a double: convolução contígua,Qual erro é introduzido ao trocar double por float?,comparison=precision,accuracy.csv,04_qualidade_numerica/precisao_erro_conv_linear.pdf; 04_qualidade_numerica/precisao_erro_conv_linear.png
04_qualidade_numerica,precisao_erro_conv_malloc,Erro de float em relação a double: convolução por linhas,Qual erro é introduzido ao trocar double por float?,comparison=precision,accuracy.csv,04_qualidade_numerica/precisao_erro_conv_malloc.pdf; 04_qualidade_numerica/precisao_erro_conv_malloc.png
04_qualidade_numerica,precisao_erro_gemm,Erro de float em relação a double: multiplicação de matrizes,Qual erro é introduzido ao trocar double por float?,comparison=precision,accuracy.csv,04_qualidade_numerica/precisao_erro_gemm.pdf; 04_qualidade_numerica/precisao_erro_gemm.png
04_qualidade_numerica,skip_kernel_error_rel_mean,Erro numérico do skip_kernel: Erro relativo médio,"Como o erro do skip_kernel varia com K, N, precisão e distribuição?",conv_linear; aproximações,accuracy.csv,04_qualidade_numerica/skip_kernel_error_rel_mean.pdf; 04_qualidade_numerica/skip_kernel_error_rel_mean.png
04_qualidade_numerica,skip_kernel_rmse,Erro numérico do skip_kernel: RMSE,"Como o erro do skip_kernel varia com K, N, precisão e distribuição?",conv_linear; aproximações,accuracy.csv,04_qualidade_numerica/skip_kernel_rmse.pdf; 04_qualidade_numerica/skip_kernel_rmse.png
04_qualidade_numerica,skip_k_error_rel,Erro numérico do skip_k na GEMM,"Como o erro do skip_k varia com N, bloco, precisão e distribuição?",Todos os casos aplicáveis,accuracy.csv,04_qualidade_numerica/skip_k_error_rel.pdf; 04_qualidade_numerica/skip_k_error_rel.png
05_compromisso,tradeoff_conv_linear,Desempenho e erro: convolução contígua,Quanto de erro acompanha o ganho de ciclos da aproximação?,Todos os casos aplicáveis,comparisons_summary.csv + accuracy.csv,05_compromisso/tradeoff_conv_linear.pdf; 05_compromisso/tradeoff_conv_linear.png
05_compromisso,tradeoff_conv_malloc,Desempenho e erro: convolução por linhas,Quanto de erro acompanha o ganho de ciclos da aproximação?,Todos os casos aplicáveis,comparisons_summary.csv + accuracy.csv,05_compromisso/tradeoff_conv_malloc.pdf; 05_compromisso/tradeoff_conv_malloc.png
05_compromisso,tradeoff_gemm,Desempenho e erro: multiplicação de matrizes,Quanto de erro acompanha o ganho de ciclos da aproximação?,Todos os casos aplicáveis,comparisons_summary.csv + accuracy.csv,05_compromisso/tradeoff_gemm.pdf; 05_compromisso/tradeoff_gemm.png
06_microarquitetura,ipc_cache,Assinatura microarquitetural das implementações,Como IPC e faltas de cache distinguem as implementações?,Todos os casos aplicáveis,results_summary.csv,06_microarquitetura/ipc_cache.pdf; 06_microarquitetura/ipc_cache.png
06_microarquitetura,perfil_contadores,Perfil normalizado dos contadores,Quais programas têm os maiores valores relativos em cada contador?,N=2048; dist=0; K=5/B=16,results_summary.csv,06_microarquitetura/perfil_contadores.pdf; 06_microarquitetura/perfil_contadores.png
07_reprodutibilidade,cv_metricas,Reprodutibilidade das métricas,Quais métricas variaram mais entre as 50 repetições?,N=2048; dist=0; K=5/B=16,results_summary.csv,07_reprodutibilidade/cv_metricas.pdf; 07_reprodutibilidade/cv_metricas.png
07_reprodutibilidade,boxplot_cycles,Distribuição das repetições: ciclos,Como as 50 medições de ciclos se distribuem?,N=2048; dist=0; K=5/B=16,results_raw.csv,07_reprodutibilidade/boxplot_cycles.pdf; 07_reprodutibilidade/boxplot_cycles.png
07_reprodutibilidade,boxplot_time_sec,Distribuição das repetições: tempo observado (s),Como as 50 medições de tempo observado (s) se distribuem?,N=2048; dist=0; K=5/B=16,results_raw.csv,07_reprodutibilidade/boxplot_time_sec.pdf; 07_reprodutibilidade/boxplot_time_sec.png
08_diagnosticos,efeito_distribuicao,Efeito da distribuição das entradas sobre os ciclos,A distribuição dos valores altera o custo das convoluções?,Todos os casos aplicáveis,results_summary.csv,08_diagnosticos/efeito_distribuicao.pdf; 08_diagnosticos/efeito_distribuicao.png
08_diagnosticos,correlacao_metricas,Correlação entre métricas da campanha,Quais métricas variam juntas no conjunto completo?,Todos os casos aplicáveis,results_raw.csv,08_diagnosticos/correlacao_metricas.pdf; 08_diagnosticos/correlacao_metricas.png
