operation,N,dist,parameter,comparison,reference_program,candidate_program,error_abs_mean,error_rel_mean,rmse,error_max
conv_linear,512,0,3,precision,conv_linear_double_full,conv_linear_float_full,2.0250951236782867e-08,4.0595069814610736e-08,2.602074273377012e-08,1.3838630097406934e-07
conv_linear,512,0,3,approximation_double,conv_linear_double_full,conv_linear_double_skip_kernel,0.08338832152572168,0.1750977274269847,0.10337953703812192,0.38153669603458984
conv_linear,512,0,3,approximation_float,conv_linear_float_full,conv_linear_float_skip_kernel,0.08338832218336023,0.17509772871194274,0.10337953793706958,0.3815367817878723
conv_linear,512,0,5,precision,conv_linear_double_full,conv_linear_float_full,2.8676281806632624e-08,5.7140521980996996e-08,3.6773555357498556e-08,2.0155968505353172e-07
conv_linear,512,0,5,approximation_double,conv_linear_double_full,conv_linear_double_skip_kernel,0.07862331973458471,0.1604621392662429,0.09875308820258603,0.4092344186394473
conv_linear,512,0,5,approximation_float,conv_linear_float_full,conv_linear_float_skip_kernel,0.07862332070746447,0.16046214187355393,0.09875308939813253,0.40923449397087097
conv_linear,512,0,7,precision,conv_linear_double_full,conv_linear_float_full,3.982274631577129e-08,7.940234731395117e-08,5.113813356388262e-08,3.391115730444483e-07
conv_linear,512,0,7,approximation_double,conv_linear_double_full,conv_linear_double_skip_kernel,0.05390240907799108,0.10893774656558029,0.06816359309425726,0.31226915968157054
conv_linear,512,0,7,approximation_float,conv_linear_float_full,conv_linear_float_skip_kernel,0.05390241615771174,0.10893776074038228,0.06816360213526301,0.31226909160614014
conv_linear,512,1,3,precision,conv_linear_double_full,conv_linear_float_full,2.0965705654090484e-08,4.7125588835606106e-07,2.8614168093750816e-08,3.44545163177834e-07
conv_linear,512,1,3,approximation_double,conv_linear_double_full,conv_linear_double_skip_kernel,0.2848350469607517,7.488047755333916,0.35844518639849526,1.6096589915779038
conv_linear,512,1,3,approximation_float,conv_linear_float_full,conv_linear_float_skip_kernel,0.2848350495409516,7.478013784460526,0.35844518975083156,1.60965895652771
conv_linear,512,1,5,precision,conv_linear_double_full,conv_linear_float_full,1.6678625859121335e-08,5.527035149872549e-07,2.286760924790029e-08,2.0517551968524117e-07
conv_linear,512,1,5,approximation_double,conv_linear_double_full,conv_linear_double_skip_kernel,0.2707299059014846,14.046297829362155,0.3420533773081754,1.5848075787283693
conv_linear,512,1,5,approximation_float,conv_linear_float_full,conv_linear_float_skip_kernel,0.2707299094468981,14.050027826246614,0.34205338172123484,1.5848075151443481
conv_linear,512,1,7,precision,conv_linear_double_full,conv_linear_float_full,1.5493929842107275e-08,6.076115232752606e-07,2.1700280438344353e-08,2.2969723334487213e-07
conv_linear,512,1,7,approximation_double,conv_linear_double_full,conv_linear_double_skip_kernel,0.1865893146617403,10.537463935395401,0.23655827644038013,1.1797711856434014
conv_linear,512,1,7,approximation_float,conv_linear_float_full,conv_linear_float_skip_kernel,0.18658933901559221,10.538153222751921,0.23655830743935427,1.1797713749110699
conv_linear,512,2,3,precision,conv_linear_double_full,conv_linear_float_full,4.2081428537995156e-08,4.201708041422054e-08,5.721752867700232e-08,6.173867062031491e-07
conv_linear,512,2,3,approximation_double,conv_linear_double_full,conv_linear_double_skip_kernel,0.26900085476499264,0.26340617978488273,0.3578215917253915,2.863459739721904
conv_linear,512,2,3,approximation_float,conv_linear_float_full,conv_linear_float_skip_kernel,0.2690008583525483,0.26340618318435216,0.35782159475451536,2.8634597957134247
conv_linear,512,2,5,precision,conv_linear_double_full,conv_linear_float_full,5.919254576151709e-08,5.899221387699273e-08,7.730765449080074e-08,5.047137578984007e-07
conv_linear,512,2,5,approximation_double,conv_linear_double_full,conv_linear_double_skip_kernel,0.2653120262107461,0.2645044313036074,0.34236190053059334,2.523756169146002
conv_linear,512,2,5,approximation_float,conv_linear_float_full,conv_linear_float_skip_kernel,0.265312029260798,0.26450443545250796,0.34236190533620225,2.523756504058838
conv_linear,512,2,7,precision,conv_linear_double_full,conv_linear_float_full,8.291157691224384e-08,8.240351118210592e-08,1.0764479831380139e-07,6.646300116930348e-07
conv_linear,512,2,7,approximation_double,conv_linear_double_full,conv_linear_double_skip_kernel,0.18472270307604916,0.1844472144939563,0.23638393136023356,1.7222575363529982
conv_linear,512,2,7,approximation_float,conv_linear_float_full,conv_linear_float_skip_kernel,0.18472272258878775,0.18444723379566583,0.23638396244991136,1.7222577333450317
conv_linear,1024,0,3,precision,conv_linear_double_full,conv_linear_float_full,2.0341747940072654e-08,4.0729233875502325e-08,2.6087416476822405e-08,1.406854497343346e-07
conv_linear,1024,0,3,approximation_double,conv_linear_double_full,conv_linear_double_skip_kernel,0.08386263230112934,0.1759567130808757,0.1036685347837909,0.40879143759808545
conv_linear,1024,0,3,approximation_float,conv_linear_float_full,conv_linear_float_skip_kernel,0.08386263294240326,0.17595671436195787,0.10366853572836351,0.4087914116680622
conv_linear,1024,0,5,precision,conv_linear_double_full,conv_linear_float_full,2.8953849575077102e-08,5.7641283349360295e-08,3.6979871350555206e-08,2.353890531381353e-07
conv_linear,1024,0,5,approximation_double,conv_linear_double_full,conv_linear_double_skip_kernel,0.07911918927621041,0.16128273575986177,0.09903260693620933,0.43335234440293224
conv_linear,1024,0,5,approximation_float,conv_linear_float_full,conv_linear_float_skip_kernel,0.07911919024998326,0.16128273843026522,0.09903260820669255,0.4333522915840149
conv_linear,1024,0,7,precision,conv_linear_double_full,conv_linear_float_full,4.027159159057639e-08,8.01981079917191e-08,5.141285065234145e-08,2.966397381065633e-07
conv_linear,1024,0,7,approximation_double,conv_linear_double_full,conv_linear_double_skip_kernel,0.05448400055732891,0.10994622245505682,0.06847934094215176,0.3269728889378382
conv_linear,1024,0,7,approximation_float,conv_linear_float_full,conv_linear_float_skip_kernel,0.05448400771457784,0.10994623673297582,0.06847934995308856,0.32697296142578125
conv_linear,1024,1,3,precision,conv_linear_double_full,conv_linear_float_full,2.1010160084588746e-08,4.639789287177926e-07,2.859810948729752e-08,3.0980671228419965e-07
conv_linear,1024,1,3,approximation_double,conv_linear_double_full,conv_linear_double_skip_kernel,0.28566192789999084,10.379385281733043,0.3588561950788067,1.826896164071512
conv_linear,1024,1,3,approximation_float,conv_linear_float_full,conv_linear_float_skip_kernel,0.2856619305378826,10.35262128139262,0.35885619841041033,1.8268960118293762
conv_linear,1024,1,5,precision,conv_linear_double_full,conv_linear_float_full,1.6785524845365867e-08,6.205138867123964e-07,2.2925862540005466e-08,2.6453973456241897e-07
conv_linear,1024,1,5,approximation_double,conv_linear_double_full,conv_linear_double_skip_kernel,0.2725672269653415,12.724885685591106,0.34316831704888084,1.71729099944776
conv_linear,1024,1,5,approximation_float,conv_linear_float_full,conv_linear_float_skip_kernel,0.2725672305550762,12.637065614581891,0.34316832157559607,1.7172910496592522
conv_linear,1024,1,7,precision,conv_linear_double_full,conv_linear_float_full,1.569936736735328e-08,7.865505362454382e-07,2.183523451999191e-08,3.4930173553604504e-07
conv_linear,1024,1,7,approximation_double,conv_linear_double_full,conv_linear_double_skip_kernel,0.18818754921854233,13.655233270937833,0.2374981989655949,1.1632785321314492
conv_linear,1024,1,7,approximation_float,conv_linear_float_full,conv_linear_float_skip_kernel,0.1881875738057806,13.649852839734775,0.23749823001075668,1.1632787138223648
conv_linear,1024,2,3,precision,conv_linear_double_full,conv_linear_float_full,4.2170019265702605e-08,4.2137601297452876e-08,5.706260981076295e-08,5.926520167953697e-07
conv_linear,1024,2,3,approximation_double,conv_linear_double_full,conv_linear_double_skip_kernel,0.2704014627097884,0.26473546562767375,0.35923236279703225,2.8855752876208878
conv_linear,1024,2,3,approximation_float,conv_linear_float_full,conv_linear_float_skip_kernel,0.27040146649287244,0.26473546908594553,0.359232366090709,2.8855751752853394
conv_linear,1024,2,5,precision,conv_linear_double_full,conv_linear_float_full,5.964286901815033e-08,5.942088677619339e-08,7.760734678212666e-08,5.684746486878112e-07
conv_linear,1024,2,5,approximation_double,conv_linear_double_full,conv_linear_double_skip_kernel,0.267113733093699,0.2663247574660127,0.34307911043286493,2.356198720388936
conv_linear,1024,2,5,approximation_float,conv_linear_float_full,conv_linear_float_skip_kernel,0.267113735953906,0.266324761453969,0.3430791150133034,2.356198787689209
conv_linear,1024,2,7,precision,conv_linear_double_full,conv_linear_float_full,8.402411189680192e-08,8.344836765678093e-08,1.0860393487373731e-07,7.48690559548848e-07
conv_linear,1024,2,7,approximation_double,conv_linear_double_full,conv_linear_double_skip_kernel,0.1865574587123677,0.18628163153535957,0.2373611905125544,1.4637037715224375
conv_linear,1024,2,7,approximation_float,conv_linear_float_full,conv_linear_float_skip_kernel,0.18655747853324556,0.18628165118776774,0.23736122157761502,1.463704228401184
conv_linear,2048,0,3,precision,conv_linear_double_full,conv_linear_float_full,2.0395319214970567e-08,4.082429488679586e-08,2.6127657336269463e-08,1.4914195656245965e-07
conv_linear,2048,0,3,approximation_double,conv_linear_double_full,conv_linear_double_skip_kernel,0.08391168707609639,0.17601054189087662,0.10369694812839199,0.40381942795196923
conv_linear,2048,0,3,approximation_float,conv_linear_float_full,conv_linear_float_skip_kernel,0.0839116877453332,0.17601054320082243,0.10369694908547195,0.4038194268941879
conv_linear,2048,0,5,precision,conv_linear_double_full,conv_linear_float_full,2.9069141472642918e-08,5.78607128276825e-08,3.705265147051364e-08,2.2230618457186324e-07
conv_linear,2048,0,5,approximation_double,conv_linear_double_full,conv_linear_double_skip_kernel,0.07943151580314534,0.1618547804999099,0.0991944480273173,0.47659126395051155
conv_linear,2048,0,5,approximation_float,conv_linear_float_full,conv_linear_float_skip_kernel,0.07943151682854932,0.16185478327939035,0.09919444932858397,0.47659122943878174
conv_linear,2048,0,7,precision,conv_linear_double_full,conv_linear_float_full,4.0563216964661584e-08,8.07606224866538e-08,5.1601484569034486e-08,3.0647169579900435e-07
conv_linear,2048,0,7,approximation_double,conv_linear_double_full,conv_linear_double_skip_kernel,0.05473652073172655,0.110429309772432,0.06862903841121032,0.3163016864350617
conv_linear,2048,0,7,approximation_float,conv_linear_float_full,conv_linear_float_skip_kernel,0.05473652790576722,0.11042932415485351,0.06862904741268296,0.31630170345306396
conv_linear,2048,1,3,precision,conv_linear_double_full,conv_linear_float_full,2.1038625334867544e-08,4.549826093399563e-07,2.8608745939470026e-08,2.981674278590418e-07
conv_linear,2048,1,3,approximation_double,conv_linear_double_full,conv_linear_double_skip_kernel,0.2862364766774385,8.195580399886898,0.35909183877646367,1.856739063977436
conv_linear,2048,1,3,approximation_float,conv_linear_float_full,conv_linear_float_skip_kernel,0.2862364793082865,8.187031152305977,0.35909184208259937,1.8567388653755188
conv_linear,2048,1,5,precision,conv_linear_double_full,conv_linear_float_full,1.6854411950656174e-08,6.674039584309125e-07,2.2976122355460062e-08,2.3733660281521907e-07
conv_linear,2048,1,5,approximation_double,conv_linear_double_full,conv_linear_double_skip_kernel,0.27373709541408753,15.215945488368945,0.3437048360659845,1.6899369929339967
conv_linear,2048,1,5,approximation_float,conv_linear_float_full,conv_linear_float_skip_kernel,0.2737370989977795,15.415209473103552,0.34370484057365774,1.6899369955062866
conv_linear,2048,1,7,precision,conv_linear_double_full,conv_linear_float_full,1.5798219296497647e-08,8.348789148774419e-07,2.1909948324393034e-08,3.1339587813761227e-07
conv_linear,2048,1,7,approximation_double,conv_linear_double_full,conv_linear_double_skip_kernel,0.18928317439726028,14.119819451282403,0.23792157207052533,1.2770778626547745
conv_linear,2048,1,7,approximation_float,conv_linear_float_full,conv_linear_float_skip_kernel,0.18928319922953252,14.144527002054597,0.23792160327597706,1.2770780362188816
conv_linear,2048,2,3,precision,conv_linear_double_full,conv_linear_float_full,4.2260435874579655e-08,4.221139109885585e-08,5.72045083931863e-08,7.036369886748162e-07
conv_linear,2048,2,3,approximation_double,conv_linear_double_full,conv_linear_double_skip_kernel,0.27078897644715155,0.26506603244410437,0.3596701703131986,3.360735630386233
conv_linear,2048,2,3,approximation_float,conv_linear_float_full,conv_linear_float_skip_kernel,0.2707889802175223,0.2650660359171357,0.35967017358785025,3.360735446214676
conv_linear,2048,2,5,precision,conv_linear_double_full,conv_linear_float_full,5.990154796458892e-08,5.967645245181429e-08,7.777158045030647e-08,5.523045785160718e-07
conv_linear,2048,2,5,approximation_double,conv_linear_double_full,conv_linear_double_skip_kernel,0.2682480323771498,0.26738383121479226,0.34405414874632134,2.8633875377947233
conv_linear,2048,2,5,approximation_float,conv_linear_float_full,conv_linear_float_skip_kernel,0.2682480351748957,0.26738383521313447,0.3440541532603745,2.8633874654769897
conv_linear,2048,2,7,precision,conv_linear_double_full,conv_linear_float_full,8.450892063326043e-08,8.393578828474364e-08,1.0889196376176646e-07,7.104585495465443e-07
conv_linear,2048,2,7,approximation_double,conv_linear_double_full,conv_linear_double_skip_kernel,0.18769858783782659,0.18739221906016368,0.23824295085883415,1.6162448784459282
conv_linear,2048,2,7,approximation_float,conv_linear_float_full,conv_linear_float_skip_kernel,0.1876986077924414,0.18739223888957726,0.23824298223322518,1.616245150566101
conv_malloc,512,0,3,precision,conv_malloc_double_full,conv_malloc_float_full,2.0250951236782867e-08,4.0595069814610736e-08,2.602074273377012e-08,1.3838630097406934e-07
conv_malloc,512,0,3,approximation_double,conv_malloc_double_full,conv_malloc_double_skip_kernel,0.08338832152572168,0.1750977274269847,0.10337953703812192,0.38153669603458984
conv_malloc,512,0,3,approximation_float,conv_malloc_float_full,conv_malloc_float_skip_kernel,0.08338832218336023,0.17509772871194274,0.10337953793706958,0.3815367817878723
conv_malloc,512,0,5,precision,conv_malloc_double_full,conv_malloc_float_full,2.8676281806632624e-08,5.7140521980996996e-08,3.6773555357498556e-08,2.0155968505353172e-07
conv_malloc,512,0,5,approximation_double,conv_malloc_double_full,conv_malloc_double_skip_kernel,0.07862331973458471,0.1604621392662429,0.09875308820258603,0.4092344186394473
conv_malloc,512,0,5,approximation_float,conv_malloc_float_full,conv_malloc_float_skip_kernel,0.07862332070746447,0.16046214187355393,0.09875308939813253,0.40923449397087097
conv_malloc,512,0,7,precision,conv_malloc_double_full,conv_malloc_float_full,3.982274631577129e-08,7.940234731395117e-08,5.113813356388262e-08,3.391115730444483e-07
conv_malloc,512,0,7,approximation_double,conv_malloc_double_full,conv_malloc_double_skip_kernel,0.05390240907799108,0.10893774656558029,0.06816359309425726,0.31226915968157054
conv_malloc,512,0,7,approximation_float,conv_malloc_float_full,conv_malloc_float_skip_kernel,0.05390241615771174,0.10893776074038228,0.06816360213526301,0.31226909160614014
conv_malloc,512,1,3,precision,conv_malloc_double_full,conv_malloc_float_full,2.0965705654090484e-08,4.7125588835606106e-07,2.8614168093750816e-08,3.44545163177834e-07
conv_malloc,512,1,3,approximation_double,conv_malloc_double_full,conv_malloc_double_skip_kernel,0.2848350469607517,7.488047755333916,0.35844518639849526,1.6096589915779038
conv_malloc,512,1,3,approximation_float,conv_malloc_float_full,conv_malloc_float_skip_kernel,0.2848350495409516,7.478013784460526,0.35844518975083156,1.60965895652771
conv_malloc,512,1,5,precision,conv_malloc_double_full,conv_malloc_float_full,1.6678625859121335e-08,5.527035149872549e-07,2.286760924790029e-08,2.0517551968524117e-07
conv_malloc,512,1,5,approximation_double,conv_malloc_double_full,conv_malloc_double_skip_kernel,0.2707299059014846,14.046297829362155,0.3420533773081754,1.5848075787283693
conv_malloc,512,1,5,approximation_float,conv_malloc_float_full,conv_malloc_float_skip_kernel,0.2707299094468981,14.050027826246614,0.34205338172123484,1.5848075151443481
conv_malloc,512,1,7,precision,conv_malloc_double_full,conv_malloc_float_full,1.5493929842107275e-08,6.076115232752606e-07,2.1700280438344353e-08,2.2969723334487213e-07
conv_malloc,512,1,7,approximation_double,conv_malloc_double_full,conv_malloc_double_skip_kernel,0.1865893146617403,10.537463935395401,0.23655827644038013,1.1797711856434014
conv_malloc,512,1,7,approximation_float,conv_malloc_float_full,conv_malloc_float_skip_kernel,0.18658933901559221,10.538153222751921,0.23655830743935427,1.1797713749110699
conv_malloc,512,2,3,precision,conv_malloc_double_full,conv_malloc_float_full,4.2081428537995156e-08,4.201708041422054e-08,5.721752867700232e-08,6.173867062031491e-07
conv_malloc,512,2,3,approximation_double,conv_malloc_double_full,conv_malloc_double_skip_kernel,0.26900085476499264,0.26340617978488273,0.3578215917253915,2.863459739721904
conv_malloc,512,2,3,approximation_float,conv_malloc_float_full,conv_malloc_float_skip_kernel,0.2690008583525483,0.26340618318435216,0.35782159475451536,2.8634597957134247
conv_malloc,512,2,5,precision,conv_malloc_double_full,conv_malloc_float_full,5.919254576151709e-08,5.899221387699273e-08,7.730765449080074e-08,5.047137578984007e-07
conv_malloc,512,2,5,approximation_double,conv_malloc_double_full,conv_malloc_double_skip_kernel,0.2653120262107461,0.2645044313036074,0.34236190053059334,2.523756169146002
conv_malloc,512,2,5,approximation_float,conv_malloc_float_full,conv_malloc_float_skip_kernel,0.265312029260798,0.26450443545250796,0.34236190533620225,2.523756504058838
conv_malloc,512,2,7,precision,conv_malloc_double_full,conv_malloc_float_full,8.291157691224384e-08,8.240351118210592e-08,1.0764479831380139e-07,6.646300116930348e-07
conv_malloc,512,2,7,approximation_double,conv_malloc_double_full,conv_malloc_double_skip_kernel,0.18472270307604916,0.1844472144939563,0.23638393136023356,1.7222575363529982
conv_malloc,512,2,7,approximation_float,conv_malloc_float_full,conv_malloc_float_skip_kernel,0.18472272258878775,0.18444723379566583,0.23638396244991136,1.7222577333450317
conv_malloc,1024,0,3,precision,conv_malloc_double_full,conv_malloc_float_full,2.0341747940072654e-08,4.0729233875502325e-08,2.6087416476822405e-08,1.406854497343346e-07
conv_malloc,1024,0,3,approximation_double,conv_malloc_double_full,conv_malloc_double_skip_kernel,0.08386263230112934,0.1759567130808757,0.1036685347837909,0.40879143759808545
conv_malloc,1024,0,3,approximation_float,conv_malloc_float_full,conv_malloc_float_skip_kernel,0.08386263294240326,0.17595671436195787,0.10366853572836351,0.4087914116680622
conv_malloc,1024,0,5,precision,conv_malloc_double_full,conv_malloc_float_full,2.8953849575077102e-08,5.7641283349360295e-08,3.6979871350555206e-08,2.353890531381353e-07
conv_malloc,1024,0,5,approximation_double,conv_malloc_double_full,conv_malloc_double_skip_kernel,0.07911918927621041,0.16128273575986177,0.09903260693620933,0.43335234440293224
conv_malloc,1024,0,5,approximation_float,conv_malloc_float_full,conv_malloc_float_skip_kernel,0.07911919024998326,0.16128273843026522,0.09903260820669255,0.4333522915840149
conv_malloc,1024,0,7,precision,conv_malloc_double_full,conv_malloc_float_full,4.027159159057639e-08,8.01981079917191e-08,5.141285065234145e-08,2.966397381065633e-07
conv_malloc,1024,0,7,approximation_double,conv_malloc_double_full,conv_malloc_double_skip_kernel,0.05448400055732891,0.10994622245505682,0.06847934094215176,0.3269728889378382
conv_malloc,1024,0,7,approximation_float,conv_malloc_float_full,conv_malloc_float_skip_kernel,0.05448400771457784,0.10994623673297582,0.06847934995308856,0.32697296142578125
conv_malloc,1024,1,3,precision,conv_malloc_double_full,conv_malloc_float_full,2.1010160084588746e-08,4.639789287177926e-07,2.859810948729752e-08,3.0980671228419965e-07
conv_malloc,1024,1,3,approximation_double,conv_malloc_double_full,conv_malloc_double_skip_kernel,0.28566192789999084,10.379385281733043,0.3588561950788067,1.826896164071512
conv_malloc,1024,1,3,approximation_float,conv_malloc_float_full,conv_malloc_float_skip_kernel,0.2856619305378826,10.35262128139262,0.35885619841041033,1.8268960118293762
conv_malloc,1024,1,5,precision,conv_malloc_double_full,conv_malloc_float_full,1.6785524845365867e-08,6.205138867123964e-07,2.2925862540005466e-08,2.6453973456241897e-07
conv_malloc,1024,1,5,approximation_double,conv_malloc_double_full,conv_malloc_double_skip_kernel,0.2725672269653415,12.724885685591106,0.34316831704888084,1.71729099944776
conv_malloc,1024,1,5,approximation_float,conv_malloc_float_full,conv_malloc_float_skip_kernel,0.2725672305550762,12.637065614581891,0.34316832157559607,1.7172910496592522
conv_malloc,1024,1,7,precision,conv_malloc_double_full,conv_malloc_float_full,1.569936736735328e-08,7.865505362454382e-07,2.183523451999191e-08,3.4930173553604504e-07
conv_malloc,1024,1,7,approximation_double,conv_malloc_double_full,conv_malloc_double_skip_kernel,0.18818754921854233,13.655233270937833,0.2374981989655949,1.1632785321314492
conv_malloc,1024,1,7,approximation_float,conv_malloc_float_full,conv_malloc_float_skip_kernel,0.1881875738057806,13.649852839734775,0.23749823001075668,1.1632787138223648
conv_malloc,1024,2,3,precision,conv_malloc_double_full,conv_malloc_float_full,4.2170019265702605e-08,4.2137601297452876e-08,5.706260981076295e-08,5.926520167953697e-07
conv_malloc,1024,2,3,approximation_double,conv_malloc_double_full,conv_malloc_double_skip_kernel,0.2704014627097884,0.26473546562767375,0.35923236279703225,2.8855752876208878
conv_malloc,1024,2,3,approximation_float,conv_malloc_float_full,conv_malloc_float_skip_kernel,0.27040146649287244,0.26473546908594553,0.359232366090709,2.8855751752853394
conv_malloc,1024,2,5,precision,conv_malloc_double_full,conv_malloc_float_full,5.964286901815033e-08,5.942088677619339e-08,7.760734678212666e-08,5.684746486878112e-07
conv_malloc,1024,2,5,approximation_double,conv_malloc_double_full,conv_malloc_double_skip_kernel,0.267113733093699,0.2663247574660127,0.34307911043286493,2.356198720388936
conv_malloc,1024,2,5,approximation_float,conv_malloc_float_full,conv_malloc_float_skip_kernel,0.267113735953906,0.266324761453969,0.3430791150133034,2.356198787689209
conv_malloc,1024,2,7,precision,conv_malloc_double_full,conv_malloc_float_full,8.402411189680192e-08,8.344836765678093e-08,1.0860393487373731e-07,7.48690559548848e-07
conv_malloc,1024,2,7,approximation_double,conv_malloc_double_full,conv_malloc_double_skip_kernel,0.1865574587123677,0.18628163153535957,0.2373611905125544,1.4637037715224375
conv_malloc,1024,2,7,approximation_float,conv_malloc_float_full,conv_malloc_float_skip_kernel,0.18655747853324556,0.18628165118776774,0.23736122157761502,1.463704228401184
conv_malloc,2048,0,3,precision,conv_malloc_double_full,conv_malloc_float_full,2.0395319214970567e-08,4.082429488679586e-08,2.6127657336269463e-08,1.4914195656245965e-07
conv_malloc,2048,0,3,approximation_double,conv_malloc_double_full,conv_malloc_double_skip_kernel,0.08391168707609639,0.17601054189087662,0.10369694812839199,0.40381942795196923
conv_malloc,2048,0,3,approximation_float,conv_malloc_float_full,conv_malloc_float_skip_kernel,0.0839116877453332,0.17601054320082243,0.10369694908547195,0.4038194268941879
conv_malloc,2048,0,5,precision,conv_malloc_double_full,conv_malloc_float_full,2.9069141472642918e-08,5.78607128276825e-08,3.705265147051364e-08,2.2230618457186324e-07
conv_malloc,2048,0,5,approximation_double,conv_malloc_double_full,conv_malloc_double_skip_kernel,0.07943151580314534,0.1618547804999099,0.0991944480273173,0.47659126395051155
conv_malloc,2048,0,5,approximation_float,conv_malloc_float_full,conv_malloc_float_skip_kernel,0.07943151682854932,0.16185478327939035,0.09919444932858397,0.47659122943878174
conv_malloc,2048,0,7,precision,conv_malloc_double_full,conv_malloc_float_full,4.0563216964661584e-08,8.07606224866538e-08,5.1601484569034486e-08,3.0647169579900435e-07
conv_malloc,2048,0,7,approximation_double,conv_malloc_double_full,conv_malloc_double_skip_kernel,0.05473652073172655,0.110429309772432,0.06862903841121032,0.3163016864350617
conv_malloc,2048,0,7,approximation_float,conv_malloc_float_full,conv_malloc_float_skip_kernel,0.05473652790576722,0.11042932415485351,0.06862904741268296,0.31630170345306396
conv_malloc,2048,1,3,precision,conv_malloc_double_full,conv_malloc_float_full,2.1038625334867544e-08,4.549826093399563e-07,2.8608745939470026e-08,2.981674278590418e-07
conv_malloc,2048,1,3,approximation_double,conv_malloc_double_full,conv_malloc_double_skip_kernel,0.2862364766774385,8.195580399886898,0.35909183877646367,1.856739063977436
conv_malloc,2048,1,3,approximation_float,conv_malloc_float_full,conv_malloc_float_skip_kernel,0.2862364793082865,8.187031152305977,0.35909184208259937,1.8567388653755188
conv_malloc,2048,1,5,precision,conv_malloc_double_full,conv_malloc_float_full,1.6854411950656174e-08,6.674039584309125e-07,2.2976122355460062e-08,2.3733660281521907e-07
conv_malloc,2048,1,5,approximation_double,conv_malloc_double_full,conv_malloc_double_skip_kernel,0.27373709541408753,15.215945488368945,0.3437048360659845,1.6899369929339967
conv_malloc,2048,1,5,approximation_float,conv_malloc_float_full,conv_malloc_float_skip_kernel,0.2737370989977795,15.415209473103552,0.34370484057365774,1.6899369955062866
conv_malloc,2048,1,7,precision,conv_malloc_double_full,conv_malloc_float_full,1.5798219296497647e-08,8.348789148774419e-07,2.1909948324393034e-08,3.1339587813761227e-07
conv_malloc,2048,1,7,approximation_double,conv_malloc_double_full,conv_malloc_double_skip_kernel,0.18928317439726028,14.119819451282403,0.23792157207052533,1.2770778626547745
conv_malloc,2048,1,7,approximation_float,conv_malloc_float_full,conv_malloc_float_skip_kernel,0.18928319922953252,14.144527002054597,0.23792160327597706,1.2770780362188816
conv_malloc,2048,2,3,precision,conv_malloc_double_full,conv_malloc_float_full,4.2260435874579655e-08,4.221139109885585e-08,5.72045083931863e-08,7.036369886748162e-07
conv_malloc,2048,2,3,approximation_double,conv_malloc_double_full,conv_malloc_double_skip_kernel,0.27078897644715155,0.26506603244410437,0.3596701703131986,3.360735630386233
conv_malloc,2048,2,3,approximation_float,conv_malloc_float_full,conv_malloc_float_skip_kernel,0.2707889802175223,0.2650660359171357,0.35967017358785025,3.360735446214676
conv_malloc,2048,2,5,precision,conv_malloc_double_full,conv_malloc_float_full,5.990154796458892e-08,5.967645245181429e-08,7.777158045030647e-08,5.523045785160718e-07
conv_malloc,2048,2,5,approximation_double,conv_malloc_double_full,conv_malloc_double_skip_kernel,0.2682480323771498,0.26738383121479226,0.34405414874632134,2.8633875377947233
conv_malloc,2048,2,5,approximation_float,conv_malloc_float_full,conv_malloc_float_skip_kernel,0.2682480351748957,0.26738383521313447,0.3440541532603745,2.8633874654769897
conv_malloc,2048,2,7,precision,conv_malloc_double_full,conv_malloc_float_full,8.450892063326043e-08,8.393578828474364e-08,1.0889196376176646e-07,7.104585495465443e-07
conv_malloc,2048,2,7,approximation_double,conv_malloc_double_full,conv_malloc_double_skip_kernel,0.18769858783782659,0.18739221906016368,0.23824295085883415,1.6162448784459282
conv_malloc,2048,2,7,approximation_float,conv_malloc_float_full,conv_malloc_float_skip_kernel,0.1876986077924414,0.18739223888957726,0.23824298223322518,1.616245150566101
gemm,512,-1,8,precision,gemm_double_full,gemm_float_full,3.1270207905654895e-05,2.4384162038062367e-07,3.928671240824647e-05,0.0001878940937842799
gemm,512,-1,8,approximation_double,gemm_double_full,gemm_double_skip_k,3.9053695650494666,0.03048525731282389,4.916824780216613,24.462650713524454
gemm,512,-1,8,approximation_float,gemm_float_full,gemm_float_skip_k,3.905369539541425,0.030485257153920964,4.9168247363425985,24.46258544921875
gemm,512,-1,16,precision,gemm_double_full,gemm_float_full,3.1270207905654895e-05,2.4384162038062367e-07,3.928671240824647e-05,0.0001878940937842799
gemm,512,-1,16,approximation_double,gemm_double_full,gemm_double_skip_k,3.9053695650494666,0.03048525731282389,4.916824780216613,24.462650713524454
gemm,512,-1,16,approximation_float,gemm_float_full,gemm_float_skip_k,3.905369539541425,0.030485257153920964,4.9168247363425985,24.46258544921875
gemm,512,-1,32,precision,gemm_double_full,gemm_float_full,3.1270207905654895e-05,2.4384162038062367e-07,3.928671240824647e-05,0.0001878940937842799
gemm,512,-1,32,approximation_double,gemm_double_full,gemm_double_skip_k,3.9053695650494666,0.03048525731282389,4.916824780216613,24.462650713524454
gemm,512,-1,32,approximation_float,gemm_float_full,gemm_float_skip_k,3.905369539541425,0.030485257153920964,4.9168247363425985,24.46258544921875
gemm,512,-1,64,precision,gemm_double_full,gemm_float_full,3.1270207905654895e-05,2.4384162038062367e-07,3.928671240824647e-05,0.0001878940937842799
gemm,512,-1,64,approximation_double,gemm_double_full,gemm_double_skip_k,3.9053695650494666,0.03048525731282389,4.916824780216613,24.462650713524454
gemm,512,-1,64,approximation_float,gemm_float_full,gemm_float_skip_k,3.905369539541425,0.030485257153920964,4.9168247363425985,24.46258544921875
gemm,512,-1,128,precision,gemm_double_full,gemm_float_full,3.1270207905654895e-05,2.4384162038062367e-07,3.928671240824647e-05,0.0001878940937842799
gemm,512,-1,128,approximation_double,gemm_double_full,gemm_double_skip_k,3.9053695650494666,0.03048525731282389,4.916824780216613,24.462650713524454
gemm,512,-1,128,approximation_float,gemm_float_full,gemm_float_skip_k,3.905369539541425,0.030485257153920964,4.9168247363425985,24.46258544921875
gemm,1024,-1,8,precision,gemm_double_full,gemm_float_full,8.747093089488036e-05,3.413014732163067e-07,0.00010977734831256636,0.0005681447424308317
gemm,1024,-1,8,approximation_double,gemm_double_full,gemm_double_skip_k,5.603117704995574,0.021876362829575394,7.023530892102778,32.80251574415115
gemm,1024,-1,8,approximation_float,gemm_float_full,gemm_float_skip_k,5.603117580249091,0.02187636234378258,7.023530558195597,32.80255126953125
gemm,1024,-1,16,precision,gemm_double_full,gemm_float_full,8.747093089488036e-05,3.413014732163067e-07,0.00010977734831256636,0.0005681447424308317
gemm,1024,-1,16,approximation_double,gemm_double_full,gemm_double_skip_k,5.603117704995574,0.021876362829575394,7.023530892102778,32.80251574415115
gemm,1024,-1,16,approximation_float,gemm_float_full,gemm_float_skip_k,5.603117580249091,0.02187636234378258,7.023530558195597,32.80255126953125
gemm,1024,-1,32,precision,gemm_double_full,gemm_float_full,8.747093089488036e-05,3.413014732163067e-07,0.00010977734831256636,0.0005681447424308317
gemm,1024,-1,32,approximation_double,gemm_double_full,gemm_double_skip_k,5.603117704995574,0.021876362829575394,7.023530892102778,32.80251574415115
gemm,1024,-1,32,approximation_float,gemm_float_full,gemm_float_skip_k,5.603117580249091,0.02187636234378258,7.023530558195597,32.80255126953125
gemm,1024,-1,64,precision,gemm_double_full,gemm_float_full,8.747093089488036e-05,3.413014732163067e-07,0.00010977734831256636,0.0005681447424308317
gemm,1024,-1,64,approximation_double,gemm_double_full,gemm_double_skip_k,5.603117704995574,0.021876362829575394,7.023530892102778,32.80251574415115
gemm,1024,-1,64,approximation_float,gemm_float_full,gemm_float_skip_k,5.603117580249091,0.02187636234378258,7.023530558195597,32.80255126953125
gemm,1024,-1,128,precision,gemm_double_full,gemm_float_full,8.747093089488036e-05,3.413014732163067e-07,0.00010977734831256636,0.0005681447424308317
gemm,1024,-1,128,approximation_double,gemm_double_full,gemm_double_skip_k,5.603117704995574,0.021876362829575394,7.023530892102778,32.80251574415115
gemm,1024,-1,128,approximation_float,gemm_float_full,gemm_float_skip_k,5.603117580249091,0.02187636234378258,7.023530558195597,32.80255126953125
gemm,2048,-1,8,precision,gemm_double_full,gemm_float_full,0.000245232791198358,4.787542892983155e-07,0.0003075129783425182,0.0017147719871672962
gemm,2048,-1,8,approximation_double,gemm_double_full,gemm_double_skip_k,7.959604428955826,0.015545656150272294,9.949343304233384,51.61884460548947
gemm,2048,-1,8,approximation_float,gemm_float_full,gemm_float_skip_k,7.959604434094217,0.015545656198508697,9.949343383625353,51.61798095703125
gemm,2048,-1,16,precision,gemm_double_full,gemm_float_full,0.000245232791198358,4.787542892983155e-07,0.0003075129783425182,0.0017147719871672962
gemm,2048,-1,16,approximation_double,gemm_double_full,gemm_double_skip_k,7.959604428955826,0.015545656150272294,9.949343304233384,51.61884460548947
gemm,2048,-1,16,approximation_float,gemm_float_full,gemm_float_skip_k,7.959604434094217,0.015545656198508697,9.949343383625353,51.61798095703125
gemm,2048,-1,32,precision,gemm_double_full,gemm_float_full,0.000245232791198358,4.787542892983155e-07,0.0003075129783425182,0.0017147719871672962
gemm,2048,-1,32,approximation_double,gemm_double_full,gemm_double_skip_k,7.959604428955826,0.015545656150272294,9.949343304233384,51.61884460548947
gemm,2048,-1,32,approximation_float,gemm_float_full,gemm_float_skip_k,7.959604434094217,0.015545656198508697,9.949343383625353,51.61798095703125
gemm,2048,-1,64,precision,gemm_double_full,gemm_float_full,0.000245232791198358,4.787542892983155e-07,0.0003075129783425182,0.0017147719871672962
gemm,2048,-1,64,approximation_double,gemm_double_full,gemm_double_skip_k,7.959604428955826,0.015545656150272294,9.949343304233384,51.61884460548947
gemm,2048,-1,64,approximation_float,gemm_float_full,gemm_float_skip_k,7.959604434094217,0.015545656198508697,9.949343383625353,51.61798095703125
gemm,2048,-1,128,precision,gemm_double_full,gemm_float_full,0.000245232791198358,4.787542892983155e-07,0.0003075129783425182,0.0017147719871672962
gemm,2048,-1,128,approximation_double,gemm_double_full,gemm_double_skip_k,7.959604428955826,0.015545656150272294,9.949343304233384,51.61884460548947
gemm,2048,-1,128,approximation_float,gemm_float_full,gemm_float_skip_k,7.959604434094217,0.015545656198508697,9.949343383625353,51.61798095703125
