operation,N,dist,parameter,comparison,reference_program,candidate_program,time_speedup_mean,time_speedup_median,time_speedup_std,cycles_speedup_mean,cycles_speedup_median,cycles_speedup_std,instruction_ratio_mean,instruction_ratio_median,instruction_ratio_std,cache_miss_rate_reference_mean,cache_miss_rate_reference_median,cache_miss_rate_reference_std,cache_miss_rate_candidate_mean,cache_miss_rate_candidate_median,cache_miss_rate_candidate_std,repetitions
conv_linear,512,0,3,approximation_double,conv_linear_double_full,conv_linear_double_skip_kernel,1.4157707332212082,1.3503722253314678,0.3351805105557943,1.6137762107869482,1.6115454617267844,0.008665316925010269,0.6066289570145514,0.6066289522621566,2.603968523400848e-08,0.10760029892146639,0.10619723681838161,0.014523307483269422,0.11669372543694094,0.11652022686149918,0.010408627998226,50
conv_linear,512,0,3,approximation_float,conv_linear_float_full,conv_linear_float_skip_kernel,1.4609253066692398,1.4150826870538493,0.3575158449629284,1.5525860944970113,1.5525680789778158,0.0025844108993709797,0.5628880022563869,0.562887997273363,1.6781669598134256e-08,0.02855059017099542,0.02861572659436852,0.002006889151123225,0.03000388248370716,0.029995236387654667,0.0022867223260373635,50
conv_linear,512,0,3,precision,conv_linear_double_full,conv_linear_float_full,1.3525471248753669,1.3091773230665114,0.3697646678579796,1.2201996423713541,1.220901580947027,0.003805804683816887,1.052751395296605,1.0527514074308617,3.3043537777275545e-08,0.10760029892146639,0.10619723681838161,0.014523307483269422,0.02855059017099542,0.02861572659436852,0.002006889151123225,50
conv_linear,512,0,5,approximation_double,conv_linear_double_full,conv_linear_double_skip_kernel,1.7822370025318357,1.6478304585073964,0.4449487361508155,2.005336124689204,2.0052664891997267,0.007872434141213924,0.6617033071962914,0.661703313175069,2.393242836643398e-08,0.09581662799742058,0.0926114485142035,0.011577507840550769,0.10478604181460927,0.10425141294380819,0.008642444741683493,50
conv_linear,512,0,5,approximation_float,conv_linear_float_full,conv_linear_float_skip_kernel,1.8261970522805882,1.790282528022583,0.4598782019386495,2.089237967464293,2.089547559203159,0.0026919891812242744,0.434973359827179,0.43497335596638764,1.2012993653783734e-08,0.02605222432772552,0.026047904063492076,0.0020370792797317367,0.02784346552965275,0.028203822913241163,0.0024897023186108195,50
conv_linear,512,0,5,precision,conv_linear_double_full,conv_linear_float_full,1.233016532411643,1.1671567057979333,0.38237523949371344,1.074778785559275,1.0751272595033645,0.0026258900645934817,1.5009245976316083,1.5009246118278394,5.051824479754112e-08,0.09581662799742058,0.0926114485142035,0.011577507840550769,0.02605222432772552,0.026047904063492076,0.0020370792797317367,50
conv_linear,512,0,7,approximation_double,conv_linear_double_full,conv_linear_double_skip_kernel,1.8756121386305338,1.8684180928504976,0.3016489277660936,2.1941920573993055,2.1930778896147665,0.006039683132910143,0.5131301958929724,0.5131301962266771,9.335337690620443e-09,0.11673065390581878,0.11535770917481379,0.007138075411572501,0.10413134970341714,0.10361510358774581,0.005277996422320379,50
conv_linear,512,0,7,approximation_float,conv_linear_float_full,conv_linear_float_skip_kernel,2.067796073030196,2.0562567950371484,0.5327830995255727,2.44132405135434,2.413354204663271,0.08757028798511259,0.39283223053452543,0.3928322305492961,5.506389278457299e-09,0.02684132577539977,0.026697721697408364,0.00388395391417376,0.02973875830624933,0.02951103454663228,0.004737492954978923,50
conv_linear,512,0,7,precision,conv_linear_double_full,conv_linear_float_full,1.1589606200424114,1.1776678670973912,0.22155672458126968,1.1059728804810947,1.1173985436032858,0.03544066882282848,1.3683690951851788,1.3683690915500033,1.6039741884057833e-08,0.11673065390581878,0.11535770917481379,0.007138075411572501,0.02684132577539977,0.026697721697408364,0.00388395391417376,50
conv_linear,512,1,3,approximation_double,conv_linear_double_full,conv_linear_double_skip_kernel,1.4040332074907347,1.345093350703872,0.3182489616123155,1.61516465909908,1.6143656968367996,0.009863687207153424,0.6066210662956899,0.6066210629091293,2.2071997736440835e-08,0.10688019488860478,0.10780169595795783,0.009284909389187634,0.1153970521457299,0.11383501363835014,0.01100355682544608,50
conv_linear,512,1,3,approximation_float,conv_linear_float_full,conv_linear_float_skip_kernel,1.34312354682877,1.357069586603477,0.2909110451963612,1.552900500842412,1.5531193818207307,0.0029295202660711717,0.5628840383322824,0.5628840332486283,2.129366931375054e-08,0.027334574555711408,0.026922691022789876,0.002707925707870394,0.028391285110503376,0.02819342602344411,0.0019393790978629475,50
conv_linear,512,1,3,precision,conv_linear_double_full,conv_linear_float_full,1.3858419284449448,1.348293839509174,0.27088814470765943,1.2205781198504868,1.222306068058486,0.004427671147939553,1.0527584386127316,1.052758448045432,3.0508685467528704e-08,0.10688019488860478,0.10780169595795783,0.009284909389187634,0.027334574555711408,0.026922691022789876,0.002707925707870394,50
conv_linear,512,1,5,approximation_double,conv_linear_double_full,conv_linear_double_skip_kernel,1.6666335085033517,1.6459578291622234,0.35937036761451646,2.0070697056087647,2.004645150718372,0.010303588301220447,0.6616998985215539,0.6616998949551443,2.2721867595910853e-08,0.0954990990439109,0.09514675783707197,0.009476879182008034,0.10895724539598327,0.10939307387474975,0.013796219351917475,50
conv_linear,512,1,5,approximation_float,conv_linear_float_full,conv_linear_float_skip_kernel,1.8709945800704861,1.8343485540867197,0.457519612725523,2.0891142069626856,2.089074259050385,0.002313577488437723,0.4349711440238402,0.43497114458506453,1.169970490537634e-08,0.025757678058893094,0.025329194021330947,0.0025413890745515084,0.027381204986423623,0.026812274267473277,0.0027430226825692575,50
conv_linear,512,1,5,precision,conv_linear_double_full,conv_linear_float_full,1.1779950471403853,1.175835921196517,0.2418985876313486,1.0746953786298645,1.0750649629726583,0.0027231922134482492,1.500935044657468,1.5009350599059146,4.416976747183596e-08,0.0954990990439109,0.09514675783707197,0.009476879182008034,0.025757678058893094,0.025329194021330947,0.0025413890745515084,50
conv_linear,512,1,7,approximation_double,conv_linear_double_full,conv_linear_double_skip_kernel,1.9386814979477618,1.860716763858027,0.44925193445985506,2.18706622616854,2.1867419528670835,0.006860387859653749,0.5131276689791582,0.5131276675896508,1.2510698888391372e-08,0.13818830896040243,0.13610483827665187,0.01939657550487376,0.12647651539363558,0.1277512789021522,0.010106024471420835,50
conv_linear,512,1,7,approximation_float,conv_linear_float_full,conv_linear_float_skip_kernel,2.1266307605003165,2.0901944484332153,0.4434205064362648,2.4448111451904877,2.414116433175339,0.09534635958683986,0.392830858558285,0.3928308588396915,7.821451793610764e-09,0.024731132400554995,0.024269640799879783,0.002063264201388677,0.03014579899490246,0.02710400742533408,0.018158766466489448,50
conv_linear,512,1,7,precision,conv_linear_double_full,conv_linear_float_full,1.1992363317020003,1.1747479984278968,0.2917788523508349,1.1070364826777013,1.119944626817384,0.038764226237287376,1.3683732573035223,1.3683732641547972,2.5945901626271625e-08,0.13818830896040243,0.13610483827665187,0.01939657550487376,0.024731132400554995,0.024269640799879783,0.002063264201388677,50
conv_linear,512,2,3,approximation_double,conv_linear_double_full,conv_linear_double_skip_kernel,1.3380160895876887,1.3411078590018586,0.19795168301714675,1.611156744752172,1.6091311986152441,0.010530883623930409,0.6066288077586094,0.6066288114748555,2.142343518027234e-08,0.12553212744852874,0.12447113952971173,0.013242410968125192,0.13885382239032487,0.1379360855231334,0.012471645816285988,50
conv_linear,512,2,3,approximation_float,conv_linear_float_full,conv_linear_float_skip_kernel,1.359959508538398,1.354273791643482,0.33825162865531716,1.5519604555000674,1.5522617092149202,0.002239865566793373,0.5628864453646861,0.562886440891368,1.9574131905364277e-08,0.02809500351415407,0.027823494234640856,0.0023760857701618397,0.028979894335453813,0.028845898098002358,0.003177794954233154,50
conv_linear,512,2,3,precision,conv_linear_double_full,conv_linear_float_full,1.3068347026181948,1.3366640226978788,0.25084871148502064,1.2239208330702112,1.2246143591005527,0.0032361576116439854,1.0527502798194739,1.0527502802998734,3.309664927163617e-08,0.12553212744852874,0.12447113952971173,0.013242410968125192,0.02809500351415407,0.027823494234640856,0.0023760857701618397,50
conv_linear,512,2,5,approximation_double,conv_linear_double_full,conv_linear_double_skip_kernel,1.8014785616762836,1.646279716459497,0.5231113714707397,2.0046443265551894,2.0038157464781845,0.010927057381914414,0.6617040958761176,0.661704096705233,2.22192797525902e-08,0.09806416150266445,0.09591517972423284,0.010567077466868231,0.10813400242071756,0.10801565921988496,0.008683571037012915,50
conv_linear,512,2,5,approximation_float,conv_linear_float_full,conv_linear_float_skip_kernel,1.764952198587089,1.7813361499155738,0.4567742248935141,2.08964650808911,2.089997673838604,0.002857708998198008,0.43497291796319326,0.434972920284165,1.1313085587922006e-08,0.026608850770050083,0.02600447075789522,0.0036778911655444098,0.02801559621482237,0.027553536036007936,0.002029964707911582,50
conv_linear,512,2,5,precision,conv_linear_double_full,conv_linear_float_full,1.2838287818328906,1.17764926441343,0.3643045800012322,1.0747322016058245,1.075480582137451,0.002487539286703922,1.50092496210978,1.5009249576220092,3.85934558971605e-08,0.09806416150266445,0.09591517972423284,0.010567077466868231,0.026608850770050083,0.02600447075789522,0.0036778911655444098,50
conv_linear,512,2,7,approximation_double,conv_linear_double_full,conv_linear_double_skip_kernel,1.8570239998883906,1.8644758785037236,0.2813481409988028,2.1951643592877748,2.1936769052375675,0.0068208284560559405,0.5131303881792122,0.5131303869292612,1.0336265533273566e-08,0.12371405174069175,0.12354236524698464,0.0077265368881559585,0.11083936507359321,0.10958778636481986,0.010019458529561561,50
conv_linear,512,2,7,approximation_float,conv_linear_float_full,conv_linear_float_skip_kernel,2.182960217770016,2.1154178428003085,0.4181564656916858,2.4595775385993917,2.4154873880044327,0.10469461829398995,0.39283212030972076,0.39283212140591645,9.055403235599162e-09,0.02764788749254464,0.026491949400362758,0.00638100216969031,0.03135901027467197,0.028561004220176933,0.010872978058790986,50
conv_linear,512,2,7,precision,conv_linear_double_full,conv_linear_float_full,1.1405567444835893,1.1678721619745904,0.21728921270194865,1.0993542920198998,1.1176841273797158,0.04289393322122397,1.3683689968592487,1.368368997436547,3.3106812025333504e-08,0.12371405174069175,0.12354236524698464,0.0077265368881559585,0.02764788749254464,0.026491949400362758,0.00638100216969031,50
conv_linear,1024,0,3,approximation_double,conv_linear_double_full,conv_linear_double_skip_kernel,1.4093775824307095,1.376459592420014,0.416015168040072,1.6244719021562717,1.6212928457496072,0.012586567360726636,0.6048133045397127,0.6048133073153028,1.9681148799936132e-08,0.3066485935343227,0.3052299447678818,0.008993019462036643,0.32011425849284764,0.31955876924262594,0.006325256606563114,50
conv_linear,1024,0,3,approximation_float,conv_linear_float_full,conv_linear_float_skip_kernel,1.5048410673722887,1.5090064390942368,0.38712406292988555,1.7215567406321473,1.7207622362617334,0.004113837595277185,0.5639037867939429,0.5639037867928987,1.3289399773343063e-08,0.18784026603907067,0.18495609321379258,0.01309206215702376,0.1955833000497597,0.1948270871296764,0.010627850333178654,50
conv_linear,1024,0,3,precision,conv_linear_double_full,conv_linear_float_full,1.2821924145794872,1.2116326658186427,0.37380680045333897,1.0475524248443668,1.0476660461751144,0.0033511897221061944,1.0600722303294796,1.0600722335396824,2.7963801705264518e-08,0.3066485935343227,0.3052299447678818,0.008993019462036643,0.18784026603907067,0.18495609321379258,0.01309206215702376,50
conv_linear,1024,0,5,approximation_double,conv_linear_double_full,conv_linear_double_skip_kernel,1.9859142162497656,1.7690608359781566,0.5932662626376145,2.022715412522755,2.020529153041087,0.008263640548561761,0.6606833366207286,0.6606833405641441,2.1412031966811142e-08,0.2823493329096374,0.2817737193851152,0.006840185016930393,0.3086306482722858,0.3074946827316203,0.006730404028069681,50
conv_linear,1024,0,5,approximation_float,conv_linear_float_full,conv_linear_float_skip_kernel,1.8849933092510045,1.8297626120004087,0.3539882952485807,2.0635012554629184,2.0638465263019024,0.004615746713914612,0.4355177011949184,0.43551770161776593,5.078055237478209e-09,0.170917438327332,0.1683351417161408,0.01471216630505384,0.18149575939730142,0.1819381218824411,0.010240637549547644,50
conv_linear,1024,0,5,precision,conv_linear_double_full,conv_linear_float_full,1.5195053254190185,1.370279613626409,0.4453393700858208,1.0537499465728446,1.0539073075594114,0.0018390791795340144,1.506897516057011,1.506897516938222,4.657920489699137e-08,0.2823493329096374,0.2817737193851152,0.006840185016930393,0.170917438327332,0.1683351417161408,0.01471216630505384,50
conv_linear,1024,0,7,approximation_double,conv_linear_double_full,conv_linear_double_skip_kernel,2.2425640469694503,2.232396363534515,0.406495468758755,2.206538821778137,2.206297766483364,0.003832743958656763,0.5123281247556956,0.5123281247166976,7.608576062586718e-09,0.31334995354421535,0.3128013288324999,0.0070746137783972134,0.29378221872310545,0.2931823034557901,0.0065674504237315575,50
conv_linear,1024,0,7,approximation_float,conv_linear_float_full,conv_linear_float_skip_kernel,2.191684187126884,2.0445678154854057,0.6763068171824569,2.2390377238546026,2.220471244135895,0.06432071901145091,0.3931473706411601,0.39314737099769625,7.2510115003545456e-09,0.20490876388197965,0.20437757556627167,0.010334310059966094,0.18272523256381795,0.18257093748749825,0.008629976805423299,50
conv_linear,1024,0,7,precision,conv_linear_double_full,conv_linear_float_full,1.2233611766839276,1.2500749097796495,0.276338330920514,1.048576106164616,1.056363493944809,0.027531946930889107,1.3713325854826612,1.3713325847314772,2.0083495942452705e-08,0.31334995354421535,0.3128013288324999,0.0070746137783972134,0.20490876388197965,0.20437757556627167,0.010334310059966094,50
conv_linear,1024,1,3,approximation_double,conv_linear_double_full,conv_linear_double_skip_kernel,1.3879140773433707,1.3697215578983428,0.3560156583825475,1.6235534529968794,1.6201165963501905,0.013830467442843792,0.6048122825476215,0.6048122816988225,1.71195859922165e-08,0.3086996748514531,0.30847492714167407,0.005630172703868621,0.3245657265929104,0.3247528127924775,0.004857037157334778,50
conv_linear,1024,1,3,approximation_float,conv_linear_float_full,conv_linear_float_skip_kernel,1.552032534939617,1.5069850300084795,0.38144406375016654,1.718236186336182,1.7174360160170576,0.006115976475252859,0.5639039054473742,0.5639039044832936,1.248498934461633e-08,0.19217466663910274,0.19073415165815216,0.01082707177961105,0.20106775680806963,0.19842712534513696,0.009854350075198757,50
conv_linear,1024,1,3,precision,conv_linear_double_full,conv_linear_float_full,1.2816239968363654,1.2113560817199849,0.36066859825957626,1.046353105402297,1.0473390130182203,0.004191401839430729,1.0600739683123346,1.0600739697663584,2.58581678976006e-08,0.3086996748514531,0.30847492714167407,0.005630172703868621,0.19217466663910274,0.19073415165815216,0.01082707177961105,50
conv_linear,1024,1,5,approximation_double,conv_linear_double_full,conv_linear_double_skip_kernel,1.8731492061488788,1.6796069974177823,0.5466513547921386,2.0213452076036944,2.019921078319498,0.008756039382484286,0.660682718547026,0.6606827241198707,1.940564476581799e-08,0.28469014012090044,0.2837081770388931,0.0074996714992289675,0.30949396257029815,0.30911822035046854,0.007512771364488512,50
conv_linear,1024,1,5,approximation_float,conv_linear_float_full,conv_linear_float_skip_kernel,2.04953146440466,1.8272800000477822,0.5369451694624917,2.0639793169571408,2.0633573576133966,0.004744287747513754,0.4355175829562606,0.4355175850490641,7.590947162154281e-09,0.1751592121719469,0.17333369088806216,0.011475300725639626,0.18726681823023053,0.1846051892015918,0.012664099758696435,50
conv_linear,1024,1,5,precision,conv_linear_double_full,conv_linear_float_full,1.3272093597401307,1.1686297595098858,0.48977170937170217,1.0527313434027108,1.0533539537193906,0.0026517787530965786,1.5068997186557171,1.5068997262490003,4.391782973833591e-08,0.28469014012090044,0.2837081770388931,0.0074996714992289675,0.1751592121719469,0.17333369088806216,0.011475300725639626,50
conv_linear,1024,1,7,approximation_double,conv_linear_double_full,conv_linear_double_skip_kernel,2.2550933446413914,2.2261112782145838,0.47607401985953746,2.206745841286619,2.2066489919394594,0.0037351862725038447,0.5123277355247908,0.5123277351673807,9.743951295826525e-09,0.31432559605839644,0.3140899097558091,0.006453508062243603,0.29662550104260577,0.29560131480553187,0.00709093210829607,50
conv_linear,1024,1,7,approximation_float,conv_linear_float_full,conv_linear_float_skip_kernel,2.511255682155637,2.2490481830056077,0.6623255778567295,2.228752917305843,2.217936588711045,0.0476677586861697,0.3931473080823861,0.39314730926396846,6.622584740354534e-09,0.21410635141510365,0.21113849983646743,0.015578007668068933,0.18735916484360943,0.18574399810069495,0.015449978269218628,50
conv_linear,1024,1,7,precision,conv_linear_double_full,conv_linear_float_full,1.12208835274634,1.1133372446759309,0.29605465479459164,1.052385132046225,1.0571423674420855,0.020633432035106727,1.3713334758660916,1.3713334750379027,2.661437559277878e-08,0.31432559605839644,0.3140899097558091,0.006453508062243603,0.21410635141510365,0.21113849983646743,0.015578007668068933,50
conv_linear,1024,2,3,approximation_double,conv_linear_double_full,conv_linear_double_skip_kernel,1.3539116408740055,1.3620021410356622,0.32238955479082676,1.6239188917341132,1.6212020672810836,0.010365689285151358,0.604813799214771,0.6048137965780721,1.800651694740448e-08,0.31097192063256124,0.30890062461439227,0.008203371587546696,0.32732934626980176,0.32615664440560244,0.007074914943571567,50
conv_linear,1024,2,3,approximation_float,conv_linear_float_full,conv_linear_float_skip_kernel,1.6090471674947722,1.508907167967838,0.3618486517799378,1.716613189477401,1.7170324798108934,0.004649940217160543,0.5639041541240091,0.5639041538151006,1.0441422761818158e-08,0.19838454902494018,0.19650481520343946,0.014058644786445121,0.2067815762203052,0.2050592351391693,0.013553677737017556,50
conv_linear,1024,2,3,precision,conv_linear_double_full,conv_linear_float_full,1.2375364883784639,1.2100306094732314,0.3122279760413903,1.0477073665211085,1.0474942274572396,0.0031670921608711452,1.0600721604167216,1.0600721613682376,2.612380046002234e-08,0.31097192063256124,0.30890062461439227,0.008203371587546696,0.19838454902494018,0.19650481520343946,0.014058644786445121,50
conv_linear,1024,2,5,approximation_double,conv_linear_double_full,conv_linear_double_skip_kernel,1.9383212867212967,1.7044338710899942,0.6083847453128711,2.0218307277983296,2.0200983474320475,0.008617175938087045,0.6606835428056829,0.6606835454155735,1.872849055755372e-08,0.2838721025220184,0.28373902124784406,0.007068197274619789,0.3102716842016753,0.30922348584392045,0.008273324676006775,50
conv_linear,1024,2,5,approximation_float,conv_linear_float_full,conv_linear_float_skip_kernel,1.93617200378361,1.828958402671555,0.556364809784553,2.0628241305235613,2.0617783387612,0.005645585023096225,0.43551779744873215,0.43551779741062124,7.473681670107316e-09,0.17582022303955486,0.17277076512761316,0.015027648650447936,0.18689537625935895,0.18564158028944866,0.010577032142378855,50
conv_linear,1024,2,5,precision,conv_linear_double_full,conv_linear_float_full,1.3856291394463582,1.1769173497232461,0.44900091211548365,1.0529499414140013,1.0529579739003325,0.0020855879831496384,1.5068973156833687,1.5068973311973546,4.258775359876586e-08,0.2838721025220184,0.28373902124784406,0.007068197274619789,0.17582022303955486,0.17277076512761316,0.015027648650447936,50
conv_linear,1024,2,7,approximation_double,conv_linear_double_full,conv_linear_double_skip_kernel,2.2253754750312016,2.222386137794595,0.5240751856443533,2.2083605264674726,2.2079668647175517,0.005400889671021233,0.5123283783975744,0.5123283784601744,1.0114200924083574e-08,0.3115774890288258,0.3114213380470741,0.005047091399006611,0.29449337085800703,0.29325390921581,0.007397950532187784,50
conv_linear,1024,2,7,approximation_float,conv_linear_float_full,conv_linear_float_skip_kernel,2.4112649045337204,2.310265146158261,0.668242657023376,2.2527402228083515,2.220059968896365,0.08376002060833014,0.39314759157812756,0.39314759242054387,7.151312375754147e-09,0.20766883883239182,0.2018309859998256,0.015968744372729025,0.1841163027833292,0.17955470748588753,0.015500676382853133,50
conv_linear,1024,2,7,precision,conv_linear_double_full,conv_linear_float_full,1.188498587234311,1.1534311432734992,0.285123429672536,1.0427944030340042,1.057002222036612,0.03616250382014252,1.3713320891411798,1.371332086295653,2.418304360929731e-08,0.3115774890288258,0.3114213380470741,0.005047091399006611,0.20766883883239182,0.2018309859998256,0.015968744372729025,50
conv_linear,2048,0,3,approximation_double,conv_linear_double_full,conv_linear_double_skip_kernel,1.4701817712112177,1.5128403444092857,0.3754627342834499,1.630533409186264,1.6275398763213866,0.013989176474604351,0.604326093321795,0.6043260911840683,1.3946869392856558e-08,0.33117686397824164,0.3306350757736559,0.005303548379517708,0.3458409553206468,0.3451809849079993,0.006298675041441247,50
conv_linear,2048,0,3,approximation_float,conv_linear_float_full,conv_linear_float_skip_kernel,1.4574430436759147,1.3355935539984112,0.5078538403295265,1.7223320119494354,1.7205781053170859,0.008607804498001248,0.5634027200245783,0.5634027203597787,1.7061266925478722e-08,0.36056493467860024,0.36020361739069584,0.00778533519766918,0.3886960047082087,0.38868498932937007,0.007410967524359019,50
conv_linear,2048,0,3,precision,conv_linear_double_full,conv_linear_float_full,1.27579816173614,1.2728511624089434,0.32389857819424794,1.0440128556832298,1.0454482353994257,0.00539382006025473,1.0601620117148718,1.060162007373098,2.147106909244735e-08,0.33117686397824164,0.3306350757736559,0.005303548379517708,0.36056493467860024,0.36020361739069584,0.00778533519766918,50
conv_linear,2048,0,5,approximation_double,conv_linear_double_full,conv_linear_double_skip_kernel,1.7910668677936707,1.7822982431085959,0.3903876804947613,2.0262693478671348,2.025684499480906,0.0131267974811997,0.6604025917368461,0.6604025918958407,1.207283713687424e-08,0.2981693924588684,0.29792670255548204,0.0036396423323287927,0.3259079911116013,0.3262116961390344,0.007135618391954614,50
conv_linear,2048,0,5,approximation_float,conv_linear_float_full,conv_linear_float_skip_kernel,1.7925213709198062,1.8166950788614762,0.48019794152390083,2.0659769460758084,2.065577801442656,0.005729034754339508,0.4352150408925873,0.4352150388087595,7.611706605773259e-09,0.3393407617601214,0.3409006689896994,0.004659585952799329,0.3668912766423597,0.36627000392846476,0.008371355060141755,50
conv_linear,2048,0,5,precision,conv_linear_double_full,conv_linear_float_full,1.1992062615642802,1.2091371450981643,0.20837254932090676,1.0516062714810286,1.0531212458344439,0.0034988300684853386,1.507334479495802,1.5073344804696105,1.9883380928107237e-08,0.2981693924588684,0.29792670255548204,0.0036396423323287927,0.3393407617601214,0.3409006689896994,0.004659585952799329,50
conv_linear,2048,0,7,approximation_double,conv_linear_double_full,conv_linear_double_skip_kernel,1.7845800439350217,1.7406035748208888,0.3120968623082568,2.2161128252030133,2.21548162723548,0.00747122671292733,0.5121028825455958,0.5121028831564987,5.48777062687623e-09,0.29346796052676305,0.2932640209404873,0.0029346335701221963,0.29854385054620713,0.29864767591483077,0.004017983655969537,50
conv_linear,2048,0,7,approximation_float,conv_linear_float_full,conv_linear_float_skip_kernel,1.9296609584347928,1.9751742799999676,0.4485060434579668,2.2252305340706746,2.2207979957043777,0.021910601195685487,0.3929493833814473,0.3929493822343121,5.113984089062382e-09,0.3715429971608475,0.3714278876793682,0.003831838391771671,0.3607908773872299,0.3615575886564705,0.007403782371418315,50
conv_linear,2048,0,7,precision,conv_linear_double_full,conv_linear_float_full,1.1037768820583584,1.1007744775643646,0.15086096648032807,1.0551066982322062,1.057686553734487,0.010429759921047985,1.3715177330144182,1.371517732283027,8.816938858567846e-09,0.29346796052676305,0.2932640209404873,0.0029346335701221963,0.3715429971608475,0.3714278876793682,0.003831838391771671,50
conv_linear,2048,1,3,approximation_double,conv_linear_double_full,conv_linear_double_skip_kernel,1.3923785337788077,1.350015256989308,0.4069078238341114,1.635837055498528,1.628103744802071,0.018708560757833673,0.6043257548138018,0.6043257541293001,1.636961086742956e-08,0.33808508627460193,0.3381038566337387,0.006376841513721914,0.35326747274101755,0.3527504464330954,0.005053044420068795,50
conv_linear,2048,1,3,approximation_float,conv_linear_float_full,conv_linear_float_skip_kernel,1.546942369755337,1.50893564805933,0.5366444281116775,1.7177590547379942,1.7166543344156415,0.006803551517079817,0.5634025129828776,0.5634025102949658,1.569798968983174e-08,0.38371537387476146,0.38375435294801874,0.006209148395671652,0.409863287883704,0.40859224652081694,0.00563321502241085,50
conv_linear,2048,1,3,precision,conv_linear_double_full,conv_linear_float_full,1.2417255029970589,1.1446430247500223,0.37336008398686876,1.0438790724150575,1.0451821055892814,0.004542038897101572,1.0601626501533477,1.0601626510742825,2.6716643105875435e-08,0.33808508627460193,0.3381038566337387,0.006376841513721914,0.38371537387476146,0.38375435294801874,0.006209148395671652,50
conv_linear,2048,1,5,approximation_double,conv_linear_double_full,conv_linear_double_skip_kernel,1.7037309194937427,1.7177586735097825,0.3438646859584071,2.028874263246351,2.026020351402538,0.018172142596963124,0.6604023879374372,0.6604023873781887,1.0222683316546398e-08,0.30278958677209133,0.3028345688662379,0.003488467743215634,0.33047442735303983,0.3313904339464775,0.007179459512760074,50
conv_linear,2048,1,5,approximation_float,conv_linear_float_full,conv_linear_float_skip_kernel,1.8168577702122264,1.7615759939803945,0.45831960932176163,2.0640119660125693,2.0624575103615834,0.006700424731298814,0.43521491922956784,0.43521491918151195,6.699681777758799e-09,0.3458409545827301,0.3463407926436758,0.004673542923191843,0.3761717137843678,0.3780198114249445,0.007827602006809355,50
conv_linear,2048,1,5,precision,conv_linear_double_full,conv_linear_float_full,1.1756298327457906,1.1740730229641398,0.25214597178061054,1.0513918724192413,1.0532343422331323,0.00409788975005383,1.507335134924547,1.5073351322996875,2.04849245228068e-08,0.30278958677209133,0.3028345688662379,0.003488467743215634,0.3458409545827301,0.3463407926436758,0.004673542923191843,50
conv_linear,2048,1,7,approximation_double,conv_linear_double_full,conv_linear_double_skip_kernel,1.776453325761559,1.7555028355839322,0.27840134272915396,2.219457351795223,2.2157297529172895,0.011089396129884853,0.5121027400247697,0.5121027402850908,5.182489207195536e-09,0.29411283842147773,0.29389594692545445,0.002322458408317393,0.29902763420535705,0.2992602654062583,0.0036194376131164865,50
conv_linear,2048,1,7,approximation_float,conv_linear_float_full,conv_linear_float_skip_kernel,2.0016610800378607,2.023417788978614,0.3868734018035559,2.2314613251579165,2.2197805743166428,0.05128956872406001,0.39294932279248207,0.3929493220785494,4.1282690034787514e-09,0.371037826290136,0.3713627671473738,0.002853912223194432,0.35714175513170354,0.3564031964776061,0.005968783364152626,50
conv_linear,2048,1,7,precision,conv_linear_double_full,conv_linear_float_full,1.0895432653083958,1.1153837167323752,0.14604153461384986,1.052682448041754,1.0579432788862497,0.021553449746748474,1.3715180381181795,1.3715180368235413,9.22915285684385e-09,0.29411283842147773,0.29389594692545445,0.002322458408317393,0.371037826290136,0.3713627671473738,0.002853912223194432,50
conv_linear,2048,2,3,approximation_double,conv_linear_double_full,conv_linear_double_skip_kernel,1.5474054820058871,1.5029165829006774,0.38200290059254877,1.629866687050723,1.6253473430079581,0.017016024527356868,0.6043261873377266,0.6043261881109002,1.3254416805168277e-08,0.34035738518550607,0.33951424062911684,0.006110545544335422,0.35255996126787964,0.35212538320114534,0.00526591950689975,50
conv_linear,2048,2,3,approximation_float,conv_linear_float_full,conv_linear_float_skip_kernel,1.4341017298800103,1.3826746523055418,0.469575936455582,1.7197177574016353,1.7184640280242542,0.008855729389647259,0.5634028050322688,0.5634028049937092,1.4942231167192283e-08,0.3820139757626728,0.38300247518961145,0.006492413193482774,0.4101624571986144,0.4103078202072784,0.006278238441292957,50
conv_linear,2048,2,3,precision,conv_linear_double_full,conv_linear_float_full,1.3197672293962537,1.2754999873960924,0.3497626941424815,1.0429918728497778,1.0444841650644547,0.005017094132747795,1.0601619868611,1.0601619881383713,2.3145624228222344e-08,0.34035738518550607,0.33951424062911684,0.006110545544335422,0.3820139757626728,0.38300247518961145,0.006492413193482774,50
conv_linear,2048,2,5,approximation_double,conv_linear_double_full,conv_linear_double_skip_kernel,1.727245266643372,1.6895329385404247,0.38221043843812363,2.0305560698312486,2.0272935923359587,0.015767072351483155,0.6604026319252371,0.6604026316132248,9.926059164792711e-09,0.3030481312738169,0.3033167015073598,0.0036918641975080438,0.3304999055524538,0.3311191401314353,0.008548589916980445,50
conv_linear,2048,2,5,approximation_float,conv_linear_float_full,conv_linear_float_skip_kernel,1.8631255213878273,1.8103023231649322,0.37849357392527966,2.0648657058258535,2.0627659975095787,0.006212323607827521,0.4352150546001818,0.4352150545951777,5.238046831776199e-09,0.3470545571324267,0.34596518868886206,0.0045498819722809255,0.3786481948136261,0.3790575661704908,0.007639362925347948,50
conv_linear,2048,2,5,precision,conv_linear_double_full,conv_linear_float_full,1.1745623102389433,1.1621828769286722,0.2718468846738825,1.0523299173998368,1.0540819281234475,0.003230648491967417,1.507334478474537,1.5073344792744692,2.5108090054628352e-08,0.3030481312738169,0.3033167015073598,0.0036918641975080438,0.3470545571324267,0.34596518868886206,0.0045498819722809255,50
conv_linear,2048,2,7,approximation_double,conv_linear_double_full,conv_linear_double_skip_kernel,1.7651074560270732,1.830599747096593,0.33435974731888574,2.2186670373351847,2.216336465155795,0.009891672601085021,0.5121029050675187,0.5121029032833969,7.0942193906352916e-09,0.2942038300070984,0.29416509612903236,0.002234049320284278,0.29895049173151145,0.2975739091044146,0.005467599322180905,50
conv_linear,2048,2,7,approximation_float,conv_linear_float_full,conv_linear_float_skip_kernel,1.958630443785173,2.0035054094484996,0.3451247008237375,2.234591935957545,2.220507798740191,0.050561678523487974,0.3929493748214683,0.3929493740228138,3.513712973872749e-09,0.3703795602027173,0.3705567688499122,0.004022597608453414,0.35944588155082186,0.3601789201930974,0.007331605760294528,50
conv_linear,2048,2,7,precision,conv_linear_double_full,conv_linear_float_full,1.1065543608247048,1.1057066668415065,0.15463972092933298,1.0521035365380071,1.0579931724035496,0.021730271498076284,1.3715177551163609,1.3715177570722519,1.0212063360113784e-08,0.2942038300070984,0.29416509612903236,0.002234049320284278,0.3703795602027173,0.3705567688499122,0.004022597608453414,50
conv_malloc,512,0,3,approximation_double,conv_malloc_double_full,conv_malloc_double_skip_kernel,1.1092383231635587,1.0941719592220993,0.228151132700535,1.1799082118996618,1.1800788511140956,0.0032841848870608023,0.6507417602193155,0.650741760695282,2.9566980223254492e-08,0.06440638398457817,0.06286183993604241,0.008761566777645528,0.06611646576227347,0.06158602581168464,0.023776629586215518,50
conv_malloc,512,0,3,approximation_float,conv_malloc_float_full,conv_malloc_float_skip_kernel,1.419386293677955,1.3324005456942132,0.3709078639140905,1.5104446177570716,1.5106368774618821,0.0014092846033145036,0.6042624573569693,0.6042624520623178,2.448629222795941e-08,0.009437197046530394,0.00903559670294678,0.0017880964800776032,0.010146787313306236,0.009102074212529756,0.0033841722064143764,50
conv_malloc,512,0,3,precision,conv_malloc_double_full,conv_malloc_float_full,1.0540147135726448,1.0497425494312185,0.23739004480831916,0.8005514166678274,0.8005219690868575,0.0011986033423135418,1.0660794540716618,1.0660794428552036,3.4649772950596995e-08,0.06440638398457817,0.06286183993604241,0.008761566777645528,0.009437197046530394,0.00903559670294678,0.0017880964800776032,50
conv_malloc,512,0,5,approximation_double,conv_malloc_double_full,conv_malloc_double_skip_kernel,1.3595227378054175,1.312368500732148,0.3357305879329629,1.5379091696846185,1.5542196201639253,0.027400294769861153,0.602279573342995,0.6022795702794743,1.774232021831475e-08,0.07048583873885791,0.06875553527229598,0.01728685708816595,0.07103936041661756,0.06873494120320021,0.01624932327652946,50
conv_malloc,512,0,5,approximation_float,conv_malloc_float_full,conv_malloc_float_skip_kernel,1.565696419872769,1.5507400070217277,0.3739258150510046,1.8416096806086726,1.8449956389582938,0.007869761800598998,0.45912475937996555,0.459124755131052,1.2587101457840533e-08,0.008979244593535501,0.008330831161721883,0.003308670114078557,0.00926742389326884,0.008847355623944285,0.0033508215178662355,50
conv_malloc,512,0,5,precision,conv_malloc_double_full,conv_malloc_float_full,1.092292277550436,0.9990601582315797,0.2943372900081073,0.8434124414656762,0.8418264615565352,0.0030487362313072505,1.303890385173694,1.3038903818843994,2.8551632467080488e-08,0.07048583873885791,0.06875553527229598,0.01728685708816595,0.008979244593535501,0.008330831161721883,0.003308670114078557,50
conv_malloc,512,0,7,approximation_double,conv_malloc_double_full,conv_malloc_double_skip_kernel,1.9221040838806358,1.8307026626310332,0.4317830163335859,2.270287599936571,2.2747870085462467,0.015090726712507382,0.48125404833298346,0.4812540513606262,8.72374978516731e-09,0.06955160295957147,0.06836074077992209,0.012675511688994784,0.0682713877844467,0.06575868339196413,0.020708530235548066,50
conv_malloc,512,0,7,approximation_float,conv_malloc_float_full,conv_malloc_float_skip_kernel,1.8229150790449753,1.8907852173435478,0.29695679618109305,2.1504619443909716,2.153153703727781,0.011279667277746683,0.41282548780974987,0.4128254885817788,6.682395690737448e-09,0.01004027580574644,0.008507540218183651,0.006234851555251792,0.008816976226382573,0.008631795905848418,0.0010555742813438227,50
conv_malloc,512,0,7,precision,conv_malloc_double_full,conv_malloc_float_full,1.1199781474297876,1.0649845603930923,0.2462172413299984,0.9736726194195414,0.9737682761610567,0.0009400085584215926,1.2380457856806562,1.2380457880128872,1.919538219738466e-08,0.06955160295957147,0.06836074077992209,0.012675511688994784,0.01004027580574644,0.008507540218183651,0.006234851555251792,50
conv_malloc,512,1,3,approximation_double,conv_malloc_double_full,conv_malloc_double_skip_kernel,1.0985863399981566,1.0901037511008957,0.22186673086248893,1.1776500362740427,1.1802628523721306,0.011746028453101597,0.6507333651664616,0.6507333657478052,2.736530219705159e-08,0.07629576122330962,0.07160332666322784,0.01569504830757682,0.07594750229197675,0.07302869540634867,0.015092238310959977,50
conv_malloc,512,1,3,approximation_float,conv_malloc_float_full,conv_malloc_float_skip_kernel,1.3672925705890548,1.3280534804108102,0.31529306965948056,1.5101448636978803,1.5102082261942873,0.001437621462441129,0.6042583280552155,0.6042583236207787,2.5252192324007177e-08,0.008895441231591562,0.007806977756557219,0.00579381753792927,0.00875170212423949,0.008102499252796137,0.002596433725005705,50
conv_malloc,512,1,3,precision,conv_malloc_double_full,conv_malloc_float_full,1.0573851888226893,1.056584194268897,0.23646645808318653,0.8020612048216139,0.8017777154051179,0.001570122545075582,1.0660879229426008,1.066087923554158,3.5437304315062315e-08,0.07629576122330962,0.07160332666322784,0.01569504830757682,0.008895441231591562,0.007806977756557219,0.00579381753792927,50
conv_malloc,512,1,5,approximation_double,conv_malloc_double_full,conv_malloc_double_skip_kernel,1.3415382664131896,1.3228661562322326,0.3004202893346162,1.53344818835356,1.5503762522485214,0.029279039445712595,0.6022753875420789,0.6022753839486044,1.6572663727093006e-08,0.0832807322734429,0.08018680278574726,0.019354374767654486,0.08182363322593035,0.0808312912999683,0.012890539743307144,50
conv_malloc,512,1,5,approximation_float,conv_malloc_float_full,conv_malloc_float_skip_kernel,1.5959375268532312,1.6132957689869047,0.5049912293681749,1.842166993118651,1.8425112037341949,0.005706819508110623,0.45912224615098635,0.45912225031429643,1.3278426607804274e-08,0.009037781913892423,0.008099632101930458,0.003728184025290268,0.008842102592983186,0.008522449201943647,0.001963993375082987,50
conv_malloc,512,1,5,precision,conv_malloc_double_full,conv_malloc_float_full,0.9931742181145008,0.9817761643600713,0.2466194912454196,0.8439905642043422,0.8432350199787226,0.002851093014357933,1.3038989410021964,1.3038989447848586,2.6018507187929874e-08,0.0832807322734429,0.08018680278574726,0.019354374767654486,0.009037781913892423,0.008099632101930458,0.003728184025290268,50
conv_malloc,512,1,7,approximation_double,conv_malloc_double_full,conv_malloc_double_skip_kernel,1.8926277020239834,1.8057695521429586,0.45019001811819,2.271660557619153,2.2737065345622742,0.014147436655021571,0.4812510845109045,0.4812510835431963,1.2764513411016606e-08,0.08322967815122581,0.07894744885830624,0.01756578427652126,0.08115424132862493,0.07858637416070018,0.015339763855467453,50
conv_malloc,512,1,7,approximation_float,conv_malloc_float_full,conv_malloc_float_skip_kernel,1.8233255252138647,1.8042780921998034,0.34683379247800233,2.150368488624862,2.149679425519743,0.011103411768983587,0.41282388529433695,0.41282388638015166,6.513224412326125e-09,0.00984343583623841,0.008409258697799807,0.006877035470688712,0.009179647932873725,0.009036880494419901,0.0015127475855711405,50
conv_malloc,512,1,7,precision,conv_malloc_double_full,conv_malloc_float_full,1.131135681794669,1.0693291673483125,0.2560840775074632,0.9742456344453558,0.97413113735056,0.0011183719032706767,1.2380495556821478,1.238049562659494,2.1791406100567094e-08,0.08322967815122581,0.07894744885830624,0.01756578427652126,0.00984343583623841,0.008409258697799807,0.006877035470688712,50
conv_malloc,512,2,3,approximation_double,conv_malloc_double_full,conv_malloc_double_skip_kernel,1.1587324673314228,1.0946085045206995,0.23741588330860064,1.179826968265779,1.1794388246999814,0.0025788036063208986,0.6507415801583698,0.6507415891071239,2.604400713117063e-08,0.09833862874890109,0.09896631780739745,0.014065306809463492,0.09446899136188507,0.09445163143072416,0.011235537968331828,50
conv_malloc,512,2,3,approximation_float,conv_malloc_float_full,conv_malloc_float_skip_kernel,1.3639093978744592,1.3281441918366967,0.28062084221812433,1.5100247659982644,1.5098830254322704,0.0016879432136330994,0.6042607245859469,0.6042607186787652,2.4167270603380423e-08,0.010131372426991726,0.008867824102570969,0.006503562987548946,0.009675820206291968,0.009397749287242983,0.0017718383676309803,50
conv_malloc,512,2,3,precision,conv_malloc_double_full,conv_malloc_float_full,1.0762585747880753,1.0619679776522446,0.22943861883858196,0.8032019359124603,0.8033887061977909,0.0018468991434497102,1.0660781442175469,1.0660781438207443,3.821657734552476e-08,0.09833862874890109,0.09896631780739745,0.014065306809463492,0.010131372426991726,0.008867824102570969,0.006503562987548946,50
conv_malloc,512,2,5,approximation_double,conv_malloc_double_full,conv_malloc_double_skip_kernel,1.4114137743075021,1.3383256095906615,0.3170450139115639,1.538985935162603,1.5537554501202715,0.02831083147293817,0.6022803704787787,0.6022803668013198,1.8927012307102613e-08,0.07625651139712661,0.0734596044170408,0.01861045330255163,0.0754705986347107,0.07482032781676679,0.016253938418974625,50
conv_malloc,512,2,5,approximation_float,conv_malloc_float_full,conv_malloc_float_skip_kernel,1.632461794057897,1.61057056269376,0.4283025344467427,1.843378240891872,1.8458387617738585,0.006187365092146778,0.4591242252537899,0.4591242225335906,1.4139841226159688e-08,0.008635112582718086,0.008404910729101382,0.0017806569615460147,0.008649552884318557,0.008536412583060076,0.0010468052841953197,50
conv_malloc,512,2,5,precision,conv_malloc_double_full,conv_malloc_float_full,1.0363009397363325,1.00493325736237,0.24278355356605155,0.8433353977879368,0.8422517835723509,0.0027812524527493837,1.3038907411456961,1.3038907360050098,2.6419558130192957e-08,0.07625651139712661,0.0734596044170408,0.01861045330255163,0.008635112582718086,0.008404910729101382,0.0017806569615460147,50
conv_malloc,512,2,7,approximation_double,conv_malloc_double_full,conv_malloc_double_skip_kernel,1.800689732451084,1.8032349645858048,0.2878419743498469,2.268241046866216,2.270578816224683,0.012507691918847168,0.4812542595679972,0.4812542619587042,8.586149107063904e-09,0.08957848339319385,0.08557276355329305,0.01667653393585513,0.092729491539003,0.08998985833454173,0.015653643104388375,50
conv_malloc,512,2,7,approximation_float,conv_malloc_float_full,conv_malloc_float_skip_kernel,1.865804345710085,1.8981974633882563,0.23594182865792077,2.1522952490233638,2.1526811287844305,0.010885867171224303,0.41282535856396196,0.41282536061565217,7.60816541864914e-09,0.009579676678507293,0.0087834879464781,0.0026704095759109356,0.010285105021344736,0.009079354609150086,0.003332203110300274,50
conv_malloc,512,2,7,precision,conv_malloc_double_full,conv_malloc_float_full,1.0938213867540165,1.0679987058153946,0.11617718696397351,0.9743754240416014,0.9743163127720902,0.0009912449234544488,1.238045660403985,1.238045659524382,1.5575215026729645e-08,0.08957848339319385,0.08557276355329305,0.01667653393585513,0.009579676678507293,0.0087834879464781,0.0026704095759109356,50
conv_malloc,1024,0,3,approximation_double,conv_malloc_double_full,conv_malloc_double_skip_kernel,1.1255526400556417,1.1511161699789647,0.25835855933297097,1.3009446938818845,1.298024021706158,0.011224651586966861,0.6463544129392234,0.6463544106638551,2.0735102804688205e-08,0.3722738647460291,0.3715523268898795,0.006065039570412183,0.3748399548533803,0.3715049753646492,0.012192830314282645,50
conv_malloc,1024,0,3,approximation_float,conv_malloc_float_full,conv_malloc_float_skip_kernel,1.3856339101822897,1.3310324333696824,0.320500705063154,1.5152687954796813,1.5140188450924692,0.005873120787245123,0.5995529951651802,0.5995529960143725,1.4540767064927623e-08,0.3239444846908641,0.3146828327281494,0.019322444258710252,0.3228121629837377,0.31485700140513156,0.02191498703158956,50
conv_malloc,1024,0,3,precision,conv_malloc_double_full,conv_malloc_float_full,1.1110643029022171,1.1260423889300033,0.24424364264702728,0.8966675569972868,0.8969023585331471,0.00337303385304901,1.066828395563328,1.0668283975609543,2.2489531219722627e-08,0.3722738647460291,0.3715523268898795,0.006065039570412183,0.3239444846908641,0.3146828327281494,0.019322444258710252,50
conv_malloc,1024,0,5,approximation_double,conv_malloc_double_full,conv_malloc_double_skip_kernel,1.4661821686873118,1.393274197004541,0.41448578668942104,1.635275415664437,1.633855844182137,0.01743910367028381,0.5994616757942155,0.5994616758151039,1.5491773393634853e-08,0.37766313650677225,0.3739617791076514,0.011472811450664646,0.37477182448219887,0.37326754925670946,0.006233707393912937,50
conv_malloc,1024,0,5,approximation_float,conv_malloc_float_full,conv_malloc_float_skip_kernel,1.7797132675430907,1.6662105969833523,0.4731588125516186,1.8518208013436195,1.8515154153485178,0.006830653511676274,0.45616782940531,0.4561678286923833,8.488341879248546e-09,0.3264000056456819,0.3215783113091643,0.01503368695898861,0.3274147638422518,0.31744803120793197,0.026727014991470278,50
conv_malloc,1024,0,5,precision,conv_malloc_double_full,conv_malloc_float_full,1.0465282427346536,1.0623881045305907,0.23164144042853807,0.9200195388232489,0.9206541021126018,0.0026575595718884093,1.3060123629276017,1.30601236350228,2.0998810954477287e-08,0.37766313650677225,0.3739617791076514,0.011472811450664646,0.3264000056456819,0.3215783113091643,0.01503368695898861,50
conv_malloc,1024,0,7,approximation_double,conv_malloc_double_full,conv_malloc_double_skip_kernel,2.1011010494316054,1.8966031165842057,0.6773551197695514,2.2843587135200494,2.284031489217575,0.013725820213821745,0.47915734904995966,0.479157349966915,1.0502144435326614e-08,0.3845059182000423,0.37941940039459915,0.013210870619185864,0.3768164698101467,0.37257793704777653,0.010914396546211317,50
conv_malloc,1024,0,7,approximation_float,conv_malloc_float_full,conv_malloc_float_skip_kernel,1.9648816405128549,1.898543126473969,0.5790115617445354,2.156533876696195,2.1575502668448285,0.008746801295760897,0.41089969895325495,0.41089969924314707,7.264665888081501e-09,0.33490978540552646,0.32369498302368627,0.026226151949990006,0.3284189378749553,0.31852995108109383,0.025890756043649536,50
conv_malloc,1024,0,7,precision,conv_malloc_double_full,conv_malloc_float_full,1.1944862445714564,1.0792207110129866,0.3484996153031884,0.9879917081739876,0.9885307140683935,0.0019038881720777794,1.2390082807817,1.2390082855827371,2.0197192343372516e-08,0.3845059182000423,0.37941940039459915,0.013210870619185864,0.33490978540552646,0.32369498302368627,0.026226151949990006,50
conv_malloc,1024,1,3,approximation_double,conv_malloc_double_full,conv_malloc_double_skip_kernel,1.1448994252380122,1.161062253611475,0.31703504824286544,1.3008218970307304,1.2978222120922132,0.012455578164706677,0.6463533472363232,0.6463533488388964,1.8946749628063582e-08,0.37335278887993484,0.37176682502411923,0.008949909369200395,0.3753587941984589,0.3709835113108476,0.012871822112104536,50
conv_malloc,1024,1,3,approximation_float,conv_malloc_float_full,conv_malloc_float_skip_kernel,1.4094306306266018,1.3509842998222936,0.3823516983203845,1.5114711322605905,1.5122443967544354,0.006062699244882715,0.5995531877011895,0.599553185398459,1.4456240708966917e-08,0.32833607094184203,0.31893957693554376,0.025226269574976982,0.31980359475739467,0.31483351356817346,0.016108044945883616,50
conv_malloc,1024,1,3,precision,conv_malloc_double_full,conv_malloc_float_full,1.1538472015112262,1.1338624641989004,0.2817564140896672,0.8961324188429117,0.896639733115286,0.0044697844831570474,1.0668304642341777,1.0668304660740011,2.4192579932330828e-08,0.37335278887993484,0.37176682502411923,0.008949909369200395,0.32833607094184203,0.31893957693554376,0.025226269574976982,50
conv_malloc,1024,1,5,approximation_double,conv_malloc_double_full,conv_malloc_double_skip_kernel,1.4739079476015684,1.4030400522861024,0.38659454996729314,1.6404945467969552,1.6409634354849767,0.02088070823747836,0.5994609092914068,0.5994609089030379,1.3051074617035478e-08,0.3783508784946871,0.37533510914783186,0.011041071076269934,0.3776948755429948,0.37471761983885843,0.011559349064382976,50
conv_malloc,1024,1,5,approximation_float,conv_malloc_float_full,conv_malloc_float_skip_kernel,1.7308010965621756,1.645543197404185,0.4826204474649183,1.8511780170143914,1.8511071477237226,0.006565551244312881,0.45616770470248896,0.4561677027843496,1.0018119684366375e-08,0.3302187432229006,0.32079894291524136,0.02030097457292352,0.329041065708981,0.31808421232637757,0.026599504731092998,50
conv_malloc,1024,1,5,precision,conv_malloc_double_full,conv_malloc_float_full,1.092056510451006,1.0634664071312074,0.25590311938267774,0.9203962879928604,0.9209887888623125,0.0028069121456745397,1.3060142179699674,1.3060142191293393,2.5025450437157736e-08,0.3783508784946871,0.37533510914783186,0.011041071076269934,0.3302187432229006,0.32079894291524136,0.02030097457292352,50
conv_malloc,1024,1,7,approximation_double,conv_malloc_double_full,conv_malloc_double_skip_kernel,2.152919234498202,1.9347394422011166,0.6458269374274782,2.2849593909721806,2.2855668536662215,0.008749857913606473,0.4791568888108457,0.4791568898285934,9.869323283543425e-09,0.3855171565994982,0.3797096278868227,0.014189862857110089,0.374610895747609,0.37225384321617916,0.00910372762061249,50
conv_malloc,1024,1,7,approximation_float,conv_malloc_float_full,conv_malloc_float_skip_kernel,2.0577899257387537,1.9431980403019735,0.6581121476288349,2.158642751661665,2.1585074005675033,0.009051424602943633,0.41089963033262145,0.4108996303969979,7.948292861977876e-09,0.3408747612749026,0.3248650737167788,0.03453993100854726,0.33258903717003535,0.3198739121301063,0.028678105414685386,50
conv_malloc,1024,1,7,precision,conv_malloc_double_full,conv_malloc_float_full,1.1594133287890591,1.0837381019021624,0.3825322528524478,0.9883200430447436,0.9886548239441553,0.002158451441724669,1.239009132702129,1.2390091368390026,2.326813904008019e-08,0.3855171565994982,0.3797096278868227,0.014189862857110089,0.3408747612749026,0.3248650737167788,0.03453993100854726,50
conv_malloc,1024,2,3,approximation_double,conv_malloc_double_full,conv_malloc_double_skip_kernel,1.1069565793796003,1.146797913857596,0.2655641306353404,1.3016806422157494,1.297667624575097,0.01307814400423613,0.6463549480606103,0.6463549453770008,1.817888971596335e-08,0.37324813466757817,0.3719151401014653,0.007817672574639637,0.3759504438081976,0.37210730515277946,0.012831573478462857,50
conv_malloc,1024,2,3,approximation_float,conv_malloc_float_full,conv_malloc_float_skip_kernel,1.3711971321635914,1.3473119221579637,0.24153286996846865,1.5123605351972387,1.5130321397633897,0.004434746709273354,0.5995533916846901,0.5995533923140877,1.304703036201351e-08,0.32509690493436516,0.319399513350095,0.0185354249658441,0.31916998595086066,0.31508615247199323,0.010970363889602347,50
conv_malloc,1024,2,3,precision,conv_malloc_double_full,conv_malloc_float_full,1.141630779578171,1.1225558958634267,0.22013508867321877,0.8959857221662574,0.896782449638656,0.00416341986178948,1.0668283012099606,1.0668283048450158,2.1153525304431936e-08,0.37324813466757817,0.3719151401014653,0.007817672574639637,0.32509690493436516,0.319399513350095,0.0185354249658441,50
conv_malloc,1024,2,5,approximation_double,conv_malloc_double_full,conv_malloc_double_skip_kernel,1.4642636634992396,1.4096151219419668,0.29884444155126133,1.6410085293026353,1.6382725004887275,0.019850089305701434,0.5994619200614332,0.5994619202983793,1.0051588074516151e-08,0.3750751035711537,0.37374522622630724,0.005784833458290709,0.3750026257035816,0.37232649491505343,0.00942167821686095,50
conv_malloc,1024,2,5,approximation_float,conv_malloc_float_full,conv_malloc_float_skip_kernel,1.6266184464607871,1.6361494670854866,0.40070618538605357,1.8522806526597995,1.8517653237270646,0.004938722189874201,0.4561679389620219,0.4561679370215808,7.94255661661324e-09,0.325270299779263,0.31955128051616766,0.015725269056688286,0.3252270076813128,0.3165871812083105,0.02358540242021248,50
conv_malloc,1024,2,5,precision,conv_malloc_double_full,conv_malloc_float_full,1.0598668655200492,1.0652902796289105,0.23185842888233846,0.9210035466052936,0.9210141276432384,0.0014791438464116105,1.3060122562756264,1.3060122559728873,2.155716767689536e-08,0.3750751035711537,0.37374522622630724,0.005784833458290709,0.325270299779263,0.31955128051616766,0.015725269056688286,50
conv_malloc,1024,2,7,approximation_double,conv_malloc_double_full,conv_malloc_double_skip_kernel,2.1838360383709747,1.9162443873733201,0.5932240222556843,2.280548961550041,2.2818019367720668,0.009020136663934829,0.4791576376123128,0.4791576400447756,8.33297736452595e-09,0.3838265994609049,0.37899179747791256,0.014220857173182814,0.37217791226327157,0.37183243616726375,0.003998046643340917,50
conv_malloc,1024,2,7,approximation_float,conv_malloc_float_full,conv_malloc_float_skip_kernel,2.010859640416377,1.9273240444779405,0.49853471435613905,2.1538817091789126,2.153593733216738,0.00957817567232114,0.41089996850667093,0.4108999685324453,5.528569469914553e-09,0.3375352994566208,0.32397035004019725,0.02894453588494953,0.32430752535856333,0.31782999503475584,0.021310855901257735,50
conv_malloc,1024,2,7,precision,conv_malloc_double_full,conv_malloc_float_full,1.2166046157099286,1.0787258861462252,0.3954858052055694,0.9883190052320464,0.9886333595248944,0.002232641169476887,1.2390077858966526,1.239007791842611,2.4929300328443667e-08,0.3838265994609049,0.37899179747791256,0.014220857173182814,0.3375352994566208,0.32397035004019725,0.02894453588494953,50
conv_malloc,2048,0,3,approximation_double,conv_malloc_double_full,conv_malloc_double_skip_kernel,1.124604598149815,1.1567730523808744,0.2787634999923526,1.322667509987505,1.3229635135993605,0.016857231791432524,0.644589155639133,0.6445891532128879,1.5778963476716863e-08,0.446165846393172,0.44598289041447936,0.00443203897167129,0.44798348135097155,0.44774503645679653,0.005842905283044639,50
conv_malloc,2048,0,3,approximation_float,conv_malloc_float_full,conv_malloc_float_skip_kernel,1.2073923951668732,1.094670152905954,0.35581420980527134,1.5252035786828773,1.5238768547773236,0.0069679042139852276,0.5976708131003848,0.5976708157079241,1.3920313574900517e-08,0.40712691091206255,0.4024210443320517,0.013579957946288341,0.41221542502283975,0.4040501803990171,0.01626568632803476,50
conv_malloc,2048,0,3,precision,conv_malloc_double_full,conv_malloc_float_full,1.1722526347950086,1.1517571383967025,0.29859131543728334,0.9162406148223426,0.9182013327335885,0.006604892858693226,1.0671660272645551,1.0671660270029506,2.0189118515996097e-08,0.446165846393172,0.44598289041447936,0.00443203897167129,0.40712691091206255,0.4024210443320517,0.013579957946288341,50
conv_malloc,2048,0,5,approximation_double,conv_malloc_double_full,conv_malloc_double_skip_kernel,1.5053961673477536,1.4193147053655673,0.3588339977685403,1.6213327899513317,1.6177105889444328,0.011488174703585742,0.5983370969346654,0.5983370960014461,1.2281423880069863e-08,0.429693370567328,0.4297666409364712,0.0029778248701124886,0.4356656619721532,0.4348970766591156,0.0050326953303285885,50
conv_malloc,2048,0,5,approximation_float,conv_malloc_float_full,conv_malloc_float_skip_kernel,1.5933613313115504,1.603999021427496,0.4019150324127314,1.8646822332498956,1.864360095316671,0.005297261947467516,0.4549980466486745,0.4549980456608236,7.73499157240296e-09,0.41625530135788497,0.41139797055614813,0.013328964568409226,0.4125508613794549,0.40536460299853344,0.015984579110306055,50
conv_malloc,2048,0,5,precision,conv_malloc_double_full,conv_malloc_float_full,1.1898858685969844,1.1943815765407861,0.21271594712137562,0.9263611514187291,0.9257901269781077,0.0038643864360654663,1.3068795068904082,1.3068795069205823,1.501129202561049e-08,0.429693370567328,0.4297666409364712,0.0029778248701124886,0.41625530135788497,0.41139797055614813,0.013328964568409226,50
conv_malloc,2048,0,7,approximation_double,conv_malloc_double_full,conv_malloc_double_skip_kernel,1.8382204138589757,1.8191193320540346,0.3245141576050336,2.3258138512822124,2.3248408181531963,0.008483609953440286,0.47832595656047466,0.47832595504626146,5.088413339614082e-09,0.4016176142104973,0.4015373535108795,0.0023985247803222504,0.4032114999627617,0.4029643684068328,0.003653273220015057,50
conv_malloc,2048,0,7,approximation_float,conv_malloc_float_full,conv_malloc_float_skip_kernel,1.9564847642807863,1.9830362924066738,0.4400157586460316,2.1825255861471744,2.182156717138663,0.005790054633945317,0.4101415000421873,0.41014149898755936,4.772592237373008e-09,0.4255502993025872,0.4199568072146912,0.014457166976857156,0.4112709159465961,0.4064042067997371,0.013939014837924256,50
conv_malloc,2048,0,7,precision,conv_malloc_double_full,conv_malloc_float_full,1.0365203081967123,1.0499985591445786,0.18735336960512236,0.9813395654887573,0.9814002575269907,0.0019274819067457882,1.2394018479385145,1.239401849360518,1.0699370879470697e-08,0.4016176142104973,0.4015373535108795,0.0023985247803222504,0.4255502993025872,0.4199568072146912,0.014457166976857156,50
conv_malloc,2048,1,3,approximation_double,conv_malloc_double_full,conv_malloc_double_skip_kernel,1.0813756453053869,0.9834681396672755,0.33737278831230255,1.3249465351091763,1.3282426191863035,0.020204338636069137,0.6445887999373474,0.6445888029230562,1.644255565227597e-08,0.44598401041411334,0.44574657678067064,0.0036978913647315132,0.44729324244087804,0.4460166488137818,0.006166822086276587,50
conv_malloc,2048,1,3,approximation_float,conv_malloc_float_full,conv_malloc_float_skip_kernel,1.2374672470475794,1.216196901896111,0.30933206583842326,1.5237404567823012,1.522568880556139,0.0075574745479816885,0.5976705862164952,0.5976705864422031,1.2697867096686221e-08,0.40900096815212,0.4052103637079346,0.012394163791373189,0.4107155914597647,0.40317199335227044,0.01606282413216086,50
conv_malloc,2048,1,3,precision,conv_malloc_double_full,conv_malloc_float_full,1.1529720737495044,1.1544834560697885,0.24867303213277117,0.9159182584780023,0.917738025339164,0.006384656296580489,1.067166787019807,1.0671667880808102,1.8279801400272356e-08,0.44598401041411334,0.44574657678067064,0.0036978913647315132,0.40900096815212,0.4052103637079346,0.012394163791373189,50
conv_malloc,2048,1,5,approximation_double,conv_malloc_double_full,conv_malloc_double_skip_kernel,1.445153589189379,1.4098050292530049,0.3245842812129909,1.623241842859381,1.6228053265338724,0.01143529275443442,0.5983368442190719,0.5983368443726255,8.904457219152363e-09,0.42966155034808756,0.42950643467004657,0.0032488726632226195,0.43470416402130335,0.43364649289858614,0.004153842852290052,50
conv_malloc,2048,1,5,approximation_float,conv_malloc_float_full,conv_malloc_float_skip_kernel,1.7746790179732728,1.7196867149158712,0.35715574902286235,1.8621457690040717,1.8621501313140536,0.0037418098283603786,0.4549979024810398,0.45499790239831756,6.529740207552889e-09,0.41762521231617866,0.41238533326614457,0.014686841501984491,0.40595808251916954,0.40265462376628774,0.011372721060052285,50
conv_malloc,2048,1,5,precision,conv_malloc_double_full,conv_malloc_float_full,1.168432028604734,1.1727704071876537,0.23490995043490748,0.925911374314317,0.9251254440649345,0.004266947670520476,1.306880059037431,1.3068800605565718,1.796111375704626e-08,0.42966155034808756,0.42950643467004657,0.0032488726632226195,0.41762521231617866,0.41238533326614457,0.014686841501984491,50
conv_malloc,2048,1,7,approximation_double,conv_malloc_double_full,conv_malloc_double_skip_kernel,1.6889609477278356,1.6252478683770364,0.3506643706340835,2.3310418943845876,2.3283059724901847,0.010599675912876357,0.47832579054845453,0.47832579072469056,5.8280692797685576e-09,0.4006539259937364,0.4009964471206998,0.0025949616500052335,0.40459413970370656,0.40394221228625377,0.004097787602218488,50
conv_malloc,2048,1,7,approximation_float,conv_malloc_float_full,conv_malloc_float_skip_kernel,1.988817250201537,1.9357520091465705,0.38927921954953604,2.1811751738732013,2.1804758834865074,0.004303370950172979,0.41014142887398386,0.41014142891407046,4.5484171131489046e-09,0.4244821369293543,0.41994331345983715,0.014368041831399683,0.4059811782828004,0.40450154295098284,0.007828584304356538,50
conv_malloc,2048,1,7,precision,conv_malloc_double_full,conv_malloc_float_full,1.0151712362881111,0.9993078413775195,0.15026823766982653,0.9818016652613107,0.981904432404808,0.001528704357003856,1.239402137771605,1.2394021382057665,9.322664685239505e-09,0.4006539259937364,0.4009964471206998,0.0025949616500052335,0.4244821369293543,0.41994331345983715,0.014368041831399683,50
conv_malloc,2048,2,3,approximation_double,conv_malloc_double_full,conv_malloc_double_skip_kernel,1.198906893941724,1.178971431286473,0.3288213723011085,1.3182942876780797,1.3133803175933176,0.019350423976600646,0.6445892706247249,0.6445892696869198,1.6353720885814598e-08,0.44607783281637275,0.4460245932560821,0.004062231599654364,0.4476851052024291,0.44599901185167945,0.006542278245515214,50
conv_malloc,2048,2,3,approximation_float,conv_malloc_float_full,conv_malloc_float_skip_kernel,1.3054370558217472,1.2651657524503652,0.36339857768617656,1.5225042843728258,1.5216329821894814,0.007448318290485685,0.5976709114608956,0.5976709123547971,1.1641118697528468e-08,0.4110509785446147,0.4063401147368466,0.01427968460945265,0.40919030886015173,0.40405998208790195,0.013709607408969038,50
conv_malloc,2048,2,3,precision,conv_malloc_double_full,conv_malloc_float_full,1.177532930951355,1.102847812176286,0.3078455840235628,0.9147745246008983,0.9170356971669309,0.006420597340405836,1.0671659988668443,1.0671659999668786,2.146622289298214e-08,0.44607783281637275,0.4460245932560821,0.004062231599654364,0.4110509785446147,0.4063401147368466,0.01427968460945265,50
conv_malloc,2048,2,5,approximation_double,conv_malloc_double_full,conv_malloc_double_skip_kernel,1.4148719789309572,1.3590599488517603,0.3072035139962246,1.6241149250767872,1.622105619447598,0.010023883028833004,0.5983371376240282,0.598337138262033,9.516122686017564e-09,0.4293697139890037,0.42934066719729413,0.0029792695899767347,0.4351631224572038,0.43515640661790467,0.0043506039829570384,50
conv_malloc,2048,2,5,approximation_float,conv_malloc_float_full,conv_malloc_float_skip_kernel,1.7330693941080084,1.7139324932850926,0.45052722297716374,1.863723549390616,1.863118639719421,0.0049975928474534975,0.4549980635230665,0.45499806189153724,7.497287516906516e-09,0.41844142344391044,0.4130636903014805,0.01373024848883588,0.4089523378685617,0.40425960385741155,0.013723895910408035,50
conv_malloc,2048,2,5,precision,conv_malloc_double_full,conv_malloc_float_full,1.1409070942452437,1.0838523084985274,0.28082849646347846,0.9263633322747202,0.9262938273113726,0.004404007100067955,1.306879506589292,1.306879504690341,1.9591889942384838e-08,0.4293697139890037,0.42934066719729413,0.0029792695899767347,0.41844142344391044,0.4130636903014805,0.01373024848883588,50
conv_malloc,2048,2,7,approximation_double,conv_malloc_double_full,conv_malloc_double_skip_kernel,1.7730789380421013,1.8285315237145223,0.3474413503625685,2.3307289650222476,2.3275152452497005,0.01136243876653848,0.47832598194039655,0.4783259817350243,5.628115572596898e-09,0.40206944058876465,0.40220417482236503,0.0026464881222801467,0.40420883135683916,0.40364396701670163,0.004354706501700909,50
conv_malloc,2048,2,7,approximation_float,conv_malloc_float_full,conv_malloc_float_skip_kernel,2.0344415099837865,1.965829517551046,0.45013162565661174,2.1817076886936015,2.1816300922388474,0.005524589186296779,0.4101414897552823,0.41014148866528616,5.296287296529313e-09,0.4253299550352822,0.4218259555798504,0.012001799466332246,0.40949956383297914,0.40581467116029263,0.013043029588829814,50
conv_malloc,2048,2,7,precision,conv_malloc_double_full,conv_malloc_float_full,0.9951453832027594,0.9681448020733684,0.17330783698533597,0.9811893544482472,0.9816820639737286,0.0019594228416900776,1.2394018771447564,1.2394018764359132,1.0662559690438114e-08,0.40206944058876465,0.40220417482236503,0.0026464881222801467,0.4253299550352822,0.4218259555798504,0.012001799466332246,50
gemm,512,-1,8,approximation_double,gemm_double_full,gemm_double_skip_k,1.4317866827810248,1.4302147305644755,0.3772430928297407,1.4995249498150431,1.5015010157652902,0.005000384368517501,0.7620029322208544,0.7620029309753742,1.1096391104421184e-08,0.007763865423535259,0.007723106142831535,0.00023057252241454482,0.01112610654677192,0.011114758698520529,0.00012610225578537675,50
gemm,512,-1,8,approximation_float,gemm_float_full,gemm_float_skip_k,1.307627430684925,1.2998683644771172,0.25520545123533595,1.3395484418345458,1.3397389007887304,0.0024655289097805693,0.8270520837003518,0.8270520836274537,9.090905647311493e-09,0.0005688145707818128,0.0002235594357835701,0.0008736199272959162,0.0005872421926836311,0.00018627730529935849,0.0009410015127194945,50
gemm,512,-1,8,precision,gemm_double_full,gemm_float_full,1.0528630629160531,1.0417750670838157,0.21108902681883313,1.0306356423914456,1.030634875310207,0.00042713980810949587,0.9990079246471864,0.9990079248449246,1.2078683381218631e-08,0.007763865423535259,0.007723106142831535,0.00023057252241454482,0.0005688145707818128,0.0002235594357835701,0.0008736199272959162,50
gemm,512,-1,16,approximation_double,gemm_double_full,gemm_double_skip_k,2.1683975572011853,2.186933375174477,0.5135131954884858,2.241370231809553,2.238023407820047,0.0063577139273532516,0.6349943676905265,0.6349943675029126,1.0602574381092402e-08,0.009250643518116297,0.009084142656341434,0.000602091925121701,0.016919505191448882,0.0168052689765376,0.0009090590275297733,50
gemm,512,-1,16,approximation_float,gemm_float_full,gemm_float_skip_k,1.7475976966403914,1.7381166306129376,0.4794076124299292,1.7538368422573327,1.7553955817575582,0.004916843145978796,0.680729237932979,0.680729237459843,1.0975273198669442e-08,0.0012722311730618495,0.0006933503218287918,0.0013068695454620375,0.0014410628683607038,0.0008514029987785063,0.001997523988095821,50
gemm,512,-1,16,precision,gemm_double_full,gemm_float_full,1.3230944793378947,1.2420554949247888,0.3125316048820771,1.3045277364126207,1.304553489890376,0.0003450204827509131,0.9988967258518474,0.9988967274460676,1.7166995547480492e-08,0.009250643518116297,0.009084142656341434,0.000602091925121701,0.0012722311730618495,0.0006933503218287918,0.0013068695454620375,50
gemm,512,-1,32,approximation_double,gemm_double_full,gemm_double_skip_k,2.0584092638158307,2.058236508770206,0.4942247318386455,2.205590752938819,2.2058344015213835,0.005957758807148386,0.5689971245312789,0.5689971230947128,1.1617275462196545e-08,0.015630445790776108,0.015525757478679635,0.0009035481500343101,0.030308411839309435,0.03009811044435997,0.0015496806969441774,50
gemm,512,-1,32,approximation_float,gemm_float_full,gemm_float_skip_k,1.8734429143053013,1.7614916115259132,0.4844800524113702,2.028144673258974,2.0310682371647,0.00544429188285141,0.5487672350457372,0.5487672353032146,1.1127829737020082e-08,0.0013205466003639293,0.000923073026203564,0.001141668959184414,0.005208860691280278,0.002949033792096303,0.006026140583851542,50
gemm,512,-1,32,precision,gemm_double_full,gemm_float_full,1.1633313942881158,1.1799221156505757,0.19435172226274303,1.1660503744811923,1.1659711360838578,0.0016133189484890994,0.9988392411387204,0.9988392393419929,1.5127873307052177e-08,0.015630445790776108,0.015525757478679635,0.0009035481500343101,0.0013205466003639293,0.000923073026203564,0.001141668959184414,50
gemm,512,-1,64,approximation_double,gemm_double_full,gemm_double_skip_k,1.9124520186928813,1.851878998549399,0.4204980262172518,2.0584549511390127,2.058489144660931,0.04790089244632502,0.5352994609499383,0.5352994621757857,1.1741908427376954e-08,0.0008481656440414717,0.0007988009297172835,0.00027969629034702405,0.0007195886372789195,0.0006817989757456021,0.00018271506648074844,50
gemm,512,-1,64,approximation_float,gemm_float_full,gemm_float_skip_k,1.9443440417477007,1.847391987305039,0.47144626422505,1.9030908476681452,1.898600448892128,0.027298285776614736,0.48073092973837533,0.4807309296617337,1.0367921734048113e-08,0.0012023847100498953,0.000978860033761129,0.0012480795976479726,0.0017264698778009277,0.0015998632527871898,0.0013396091230201592,50
gemm,512,-1,64,precision,gemm_double_full,gemm_float_full,1.2357953413046596,1.2023438933484143,0.23801239560497348,1.2870771930662643,1.2928740633101683,0.029859188311010573,0.9988099614197229,0.9988099625409499,1.7279224523802998e-08,0.0008481656440414717,0.0007988009297172835,0.00027969629034702405,0.0012023847100498953,0.000978860033761129,0.0012480795976479726,50
gemm,512,-1,128,approximation_double,gemm_double_full,gemm_double_skip_k,1.830704570968245,1.8354827479699058,0.3278147872401158,1.9794267212491645,1.979214790138915,0.003441813972573735,0.5182584620710662,0.5182584604610152,1.2257234898085097e-08,0.000540941928534001,0.0004967605572168644,0.00015738379283804373,0.0007886140421488731,0.0007313166435476504,0.00015601436240515268,50
gemm,512,-1,128,approximation_float,gemm_float_full,gemm_float_skip_k,1.9147928002031336,1.844376705888939,0.41345024558638327,2.0590688273870126,2.0558492553379697,0.08130505062674485,0.44618202790506595,0.4461820272652192,1.0629225358717081e-08,7.494579695281853e-05,1.894578034084451e-05,0.00016412840267327006,5.409953861789091e-05,3.16665566355929e-05,8.377903064481009e-05,50
gemm,512,-1,128,precision,gemm_double_full,gemm_float_full,1.2399750452762803,1.200303302477239,0.22138600775226527,1.23864916762746,1.233287936361708,0.04117268557429225,0.998795174528903,0.9987951759267146,1.7241602175873427e-08,0.000540941928534001,0.0004967605572168644,0.00015738379283804373,7.494579695281853e-05,1.894578034084451e-05,0.00016412840267327006,50
gemm,1024,-1,8,approximation_double,gemm_double_full,gemm_double_skip_k,1.4539629243569978,1.464200806759594,0.07702434374222979,1.4769422566308001,1.4834497187692537,0.0763210058076154,0.7617712102645643,0.7617712099008904,2.1260905736900696e-09,0.12217967394396638,0.12198976313705923,0.07831276547409234,0.2886282462074391,0.31063361774190434,0.15492303806309848,50
gemm,1024,-1,8,approximation_float,gemm_float_full,gemm_float_skip_k,1.374187724941826,1.3714881222131616,0.05000376362954024,1.391211284859358,1.3888001760196382,0.01820181722785821,0.8270044871946054,0.8270044874898272,1.505387999853878e-09,0.007515458816132691,0.0034950594708357376,0.008830275741771691,0.008644463167437787,0.003926252993218981,0.015678941600204166,50
gemm,1024,-1,8,precision,gemm_double_full,gemm_float_full,1.1040541973345759,1.1039671040407768,0.05774176489179199,1.1028168497468003,1.10593250570796,0.0430521556891944,0.9997161593793309,0.9997161592690686,2.828562641995691e-09,0.12217967394396638,0.12198976313705923,0.07831276547409234,0.007515458816132691,0.0034950594708357376,0.008830275741771691,50
gemm,1024,-1,16,approximation_double,gemm_double_full,gemm_double_skip_k,2.1964996407565165,2.2165935428645676,0.08456037523286983,2.2906948316382802,2.284280427569008,0.03836755887831855,0.63460801243598,0.6346080123656551,1.3789321761970927e-09,0.1382934553868864,0.14134393025469785,0.02767006382611084,0.11858663348939288,0.1252189495346174,0.031511389141897585,50
gemm,1024,-1,16,approximation_float,gemm_float_full,gemm_float_skip_k,2.0852212203236684,2.097747812552325,0.0833713474135407,2.1578327398625152,2.1592505801855797,0.004601126403306403,0.6806425790321111,0.6806425789813206,1.2405704889094826e-09,0.005443065364324775,0.004939619495425482,0.0016513942967636152,0.005698372784806474,0.004812516323786103,0.0032903985154799243,50
gemm,1024,-1,16,precision,gemm_double_full,gemm_float_full,1.1000664124404331,1.0981582830785714,0.029696070060455822,1.097808782827807,1.098015527436286,0.01643813935706566,0.9996843090772678,0.9996843092841547,1.783536782290892e-09,0.1382934553868864,0.14134393025469785,0.02767006382611084,0.005443065364324775,0.004939619495425482,0.0016513942967636152,50
gemm,1024,-1,32,approximation_double,gemm_double_full,gemm_double_skip_k,2.034976313217847,2.0424834521479553,0.068862604338386,2.104947011365538,2.1057923671098475,0.016457934733296112,0.5685199502112814,0.5685199498668287,1.9480363015468483e-09,0.010414593513672101,0.00983792769354451,0.0022004886885781663,0.01706779473090396,0.016796269435430455,0.0032383288218805093,50
gemm,1024,-1,32,approximation_float,gemm_float_full,gemm_float_skip_k,2.185225703334548,2.178367778069643,0.08165183575695173,2.2503936250809313,2.250964303437586,0.011753360967204874,0.5486419596832918,0.5486419597105285,1.3271571223207789e-09,0.0040772583393700905,0.0035668404685190594,0.001861022332477321,0.008610225183285474,0.00866844582305129,0.0025581561444005833,50
gemm,1024,-1,32,precision,gemm_double_full,gemm_float_full,1.0620079546657721,1.0621851623388165,0.021548537127574822,1.0577596837232357,1.0583669033552194,0.005061609963663605,0.9996678440443183,0.9996678437637159,1.6972749094061272e-09,0.010414593513672101,0.00983792769354451,0.0022004886885781663,0.0040772583393700905,0.0035668404685190594,0.001861022332477321,50
gemm,1024,-1,64,approximation_double,gemm_double_full,gemm_double_skip_k,1.8399684052128407,1.8494240619783862,0.05327661876750357,1.8694683831517815,1.8691700740329,0.002838410397328789,0.5347728148795632,0.5347728144828984,1.9659628999459406e-09,0.0016411559792626604,0.0016402514365410521,0.000127421562838718,0.0006360618884327657,0.0006274147900055969,5.9798160627160714e-05,50
gemm,1024,-1,64,approximation_float,gemm_float_full,gemm_float_skip_k,2.044210377617929,2.078704323276905,0.08247355703973377,2.0944881071531998,2.0929447543362922,0.019557599087216517,0.48058417278718557,0.48058417237824175,1.971128408079158e-09,0.0004054047076835867,0.0003742313783017939,0.0001482393385554055,0.000255829033543956,0.0002457193598160826,4.274433648615698e-05,50
gemm,1024,-1,64,precision,gemm_double_full,gemm_float_full,1.199152009964244,1.1968922397594617,0.023282770726792464,1.1879498756082154,1.1879733031686444,0.008717299040411455,0.9996594462360988,0.9996594464669385,2.2035623996250172e-09,0.0016411559792626604,0.0016402514365410521,0.000127421562838718,0.0004054047076835867,0.0003742313783017939,0.0001482393385554055,50
gemm,1024,-1,128,approximation_double,gemm_double_full,gemm_double_skip_k,1.935481186685004,1.9400672789325624,0.05449260573370929,1.975260519077882,1.975490647458074,0.0020308964283589064,0.5177059315658541,0.5177059314347869,1.4525142995977538e-09,0.0011328852796597783,0.0011028435119175663,7.301587163962375e-05,0.001244056715277913,0.0011792065797605637,0.0001222610691458093,50
gemm,1024,-1,128,approximation_float,gemm_float_full,gemm_float_skip_k,1.94451065811511,1.950960658535128,0.06400643941792816,1.9944180420887585,1.992069190010723,0.011563976725885014,0.4460238456721695,0.44602384538378836,1.5886443501859197e-09,0.0002822038953748596,0.00026251702168665744,7.67910254149271e-05,0.00033683236311620173,0.0002914233892620725,0.00011499372249300243,50
gemm,1024,-1,128,precision,gemm_double_full,gemm_float_full,1.0034053087563024,1.0018717248256228,0.01943331578090559,1.0003281649540012,0.9999350698623133,0.001755269868173857,0.9996552278367329,0.9996552279916913,2.06536507444284e-09,0.0011328852796597783,0.0011028435119175663,7.301587163962375e-05,0.0002822038953748596,0.00026251702168665744,7.67910254149271e-05,50
gemm,2048,-1,8,approximation_double,gemm_double_full,gemm_double_skip_k,1.491332913829745,1.4899744613445667,0.008710783026391595,1.4982593570457339,1.4983146796968876,0.007795024867686299,0.7616686373049391,0.7616686373404096,4.1258882741480434e-10,0.7771474080846907,0.7799451355440727,0.02061214580611431,0.9122818300368881,0.914802022222986,0.02230535370315299,50
gemm,2048,-1,8,approximation_float,gemm_float_full,gemm_float_skip_k,1.395018268936935,1.3847638327264609,0.05086133410774823,1.395559456149691,1.3831424434636295,0.051048622664177076,0.82695365129356,0.8269536513879521,1.499923928547134e-09,0.7820319940753948,0.7786236784547724,0.012205177207291067,0.6782850677217582,0.7029219455249898,0.24337633821848548,50
gemm,2048,-1,8,precision,gemm_double_full,gemm_float_full,1.0863717392556809,1.0866816680561269,0.003882718183508133,1.085139364795173,1.084845393373088,0.00207755080822592,0.9998580388427092,0.9998580388578348,3.6989539865741707e-10,0.7771474080846907,0.7799451355440727,0.02061214580611431,0.7820319940753948,0.7786236784547724,0.012205177207291067,50
gemm,2048,-1,16,approximation_double,gemm_double_full,gemm_double_skip_k,2.2854627548224578,2.287321399754281,0.010576016774262245,2.3059520588931046,2.307531986894549,0.007270824177021144,0.634437423033068,0.6344374231189127,4.4368826505328457e-10,0.17169681704309894,0.17302052344534963,0.00228193696119989,0.25649997051384,0.258205284376572,0.004802705924523478,50
gemm,2048,-1,16,approximation_float,gemm_float_full,gemm_float_skip_k,2.307627066590621,2.3093324455389284,0.01685400126980695,2.3211140994330557,2.32184199427739,0.014549054507275684,0.6805436425555529,0.6805436426404524,6.076298780735377e-10,0.453008058806714,0.4502953936526918,0.03484277189454423,0.1329037405788777,0.13243149124744213,0.018603452614088484,50
gemm,2048,-1,16,precision,gemm_double_full,gemm_float_full,1.0908320673639955,1.0915651973277067,0.004695874502685233,1.0890372446154948,1.0891645447745133,0.0037312200238981807,0.9998421028639488,0.9998421028600901,7.845578839390934e-10,0.17169681704309894,0.17302052344534963,0.00228193696119989,0.453008058806714,0.4502953936526918,0.03484277189454423,50
gemm,2048,-1,32,approximation_double,gemm_double_full,gemm_double_skip_k,2.317396782213905,2.3129689985179507,0.020519529445103914,2.333749473491668,2.3334781113909973,0.020550498578235658,0.568309366849855,0.5683093713816076,3.185435631562899e-08,0.003998008079863418,0.0040018487636301475,4.326342575468353e-05,0.005279359755142259,0.005286866241457214,0.00021030767966453715,50
gemm,2048,-1,32,approximation_float,gemm_float_full,gemm_float_skip_k,2.354606317923647,2.4009644170553988,0.09377463806514556,2.3674515537996546,2.4137011297640854,0.09462230582595482,0.548496600806221,0.5484965937483897,4.7104648078198887e-08,0.00683975523021772,0.006640314117239639,0.0014710771681723455,0.03577736118056801,0.03827985408845838,0.014933548978034833,50
gemm,2048,-1,32,precision,gemm_double_full,gemm_float_full,1.3105894406957426,1.3105252859512861,0.009724288298208485,1.3099745798339766,1.3103724663966159,0.00935991651377788,0.9998338364050815,0.9998338442245633,5.63520611316762e-08,0.003998008079863418,0.0040018487636301475,4.326342575468353e-05,0.00683975523021772,0.006640314117239639,0.0014710771681723455,50
gemm,2048,-1,64,approximation_double,gemm_double_full,gemm_double_skip_k,1.8570821278097764,1.8566317173772884,0.0062787307903358755,1.866056685179131,1.8663453896920157,0.003328578498774376,0.5345404331169971,0.534540433049267,7.876909376136319e-10,0.0024216839193663556,0.0024191170550951456,8.618973267889075e-06,0.0013105174366006662,0.0013105300945635422,2.3301400299891307e-05,50
gemm,2048,-1,64,approximation_float,gemm_float_full,gemm_float_skip_k,2.2455789356265954,2.2571255970227995,0.03876235537752515,2.2587642998827926,2.2777013581703267,0.039921412313469566,0.48041316380703675,0.4804131636017466,9.85004784867712e-10,0.0013207985035117399,0.0013199228535274235,6.762676030860604e-06,0.0007334418071150417,0.0007339237858727961,8.271790718542823e-05,50
gemm,2048,-1,64,precision,gemm_double_full,gemm_float_full,1.0091340399369377,1.008883087893502,0.0036625453118330057,1.0071068932250495,1.0067186189943405,0.002579282976911264,0.9998296725845256,0.9998296726350104,1.4215981748939887e-09,0.0024216839193663556,0.0024191170550951456,8.618973267889075e-06,0.0013207985035117399,0.0013199228535274235,6.762676030860604e-06,50
gemm,2048,-1,128,approximation_double,gemm_double_full,gemm_double_skip_k,1.9877599375581676,1.987471284059278,0.006230531801540107,1.9998305440910706,1.9993452965777703,0.0024658888134388157,0.5174621335513055,0.5174621335179743,3.2332333076415345e-10,0.0013474478797376554,0.0013445092611482417,1.0189805128438036e-05,0.0014416302019933688,0.0014598595334905664,3.9243896081571104e-05,50
gemm,2048,-1,128,approximation_float,gemm_float_full,gemm_float_skip_k,1.9813795662887412,1.982306140356639,0.008959544433931712,1.986906212130226,1.9859365285108534,0.006015929180911101,0.4458393294927489,0.4458393294843438,4.918261759005452e-10,0.000669346345482532,0.0006673974021524099,5.089439195806291e-06,0.0006942951256073674,0.0006989928230972089,1.8814594214055944e-05,50
gemm,2048,-1,128,precision,gemm_double_full,gemm_float_full,1.012930033474854,1.0129082535152598,0.0021188487961211013,1.0118702432686209,1.0118679316098103,0.0003370657221123406,0.9998275532927609,0.9998275532663067,8.46345119938863e-10,0.0013474478797376554,0.0013445092611482417,1.0189805128438036e-05,0.000669346345482532,0.0006673974021524099,5.089439195806291e-06,50
